bs,bs1,bs2,bs2_1,bs3,bs4_1,c10_1,c1_1,c2_1,c2_2,c2_3,c3_1,c3_2,c3_3,c3_4,c3_5,c3_6,c3_7,c3_8,c4,c5,c6_1,c6_2,c6_3,c7,c8_1,c8_2,c8_3,c8_4,c8_5,c8_6,c9_1,c_total,ct10,ct12,ct13,ct14,ct15_1,ct16,ct1_1,ct1_2,ct1_3,ct1_4,ct2_1,ct2_2,ct2_3,ct3_1,ct3_2,ct3_3,ct3_4,ct4,ct5,ct6_1,ct7_1,ct7_2,ct8_1,ct8_2,ct8_3,ct9_1,f1_1,f2_1,f2_2,f3_1,f3_2,f3_3,f3_4,f3_5,f4_1,f5,f6_1,l1_1,l1_2,l1_3,l1_4,l1_5,l1_6,l2_1,l2_2,l2_3,l2_4,l3_1,l3_2,l3_3,l3_4,l4_1,l4_2,l4_3,l4_4,l_total,c_total,ct_total,f_total,l_sum,c_sum,ct_sum,f_sum,l_avg,c_avg,ct_avg,f_avg,total
0,0,0,0,0,0,0.67,0.67,0.67,0.5,0.83,0.83,0.67,1,0.5,0.83,0.83,0.83,0.83,0,0.25,1,1,1,0,1,1,0.83,0.83,0.67,1,1,26,0.29,0.22,0,0.5,0.5,0,0.17,0.17,1,0,1,0.5,0.17,0.83,0.83,0.83,0.83,0.33,0,0,1,0.83,0.67,0.67,0.83,0.5,0.17,0,0.17,0.83,0.83,0.83,1,0.83,0.67,0.75,0.17,0.5,0.33,0.83,0.83,0.83,0.83,1,0.83,1,0.83,0.17,0.5,0.83,1,0.5,0.5,0.5,0.67,18,26,26,11,12.48,19.24,12.67,6.25,17.33,18.50,12.18,14.20,50.64
1,10,2,1,0,5,0.67,0.67,1,0.5,0.83,1,0.83,0.83,1,0.33,0.83,0.67,0.67,1,1,1,1,1,0,1,1,1,1,0.5,1,0.83,26,1,0.44,1,0.5,1,0,1,0.83,1,1,0.83,1,1,1,1,0.67,1,0.17,,0.17,0.83,0.83,0.83,0.83,0.83,0.67,0.83,0,0.5,1,0.83,1,1,1,0.67,0.25,0.17,0.5,0.67,0.83,0.67,0.83,0.5,0.83,0.67,0.83,0.83,0.83,1,1,1,1,0.83,0.83,1,18,26,26,11,14.65,21.16,19.43,7.25,20.35,20.35,18.68,16.48,62.49
1,10,2,2,0,5,0.67,0.67,1,0.5,0.83,1,0.83,0.83,1,0.33,0.83,0.67,0.67,1,1,1,1,1,0,1,1,1,1,0.5,1,0.83,26,1,0.44,1,0.5,1,0,1,0.83,1,1,0.83,1,1,1,1,0.67,1,0.17,,0.17,0.83,0.83,0.83,0.83,0.83,0.67,0.83,0,0.5,1,0.83,1,1,1,0.67,0.25,0.17,0.5,0.67,0.83,0.67,0.83,0.5,0.83,0.67,0.83,0.83,0.83,1,1,1,1,0.83,0.83,1,18,26,26,11,14.65,21.16,19.43,7.25,20.35,20.35,18.68,16.48,62.49
1,4,1,1,0,4,1,0.5,0.83,0.33,0.67,0.83,0.83,0.83,0.83,0.83,0.83,0.83,0.83,1,0.5,1,1,1,0,1,1,1,1,1,1,1,26,0.71,0.44,1,1,0.83,0,1,1,1,1,1,1,1,1,1,0.83,1,0.5,,0.17,1,1,1,1,1,0.17,0.67,0.17,0.17,0.83,0.83,0.83,0.83,0.83,0.67,0.5,0.17,0.33,0.67,1,0.67,0.67,0.33,1,0.67,0.67,1,0.33,0.67,0.5,0.67,0.67,0.67,0.83,0.67,18,26,26,11,12.02,21.47,20.65,6.5,16.69,20.64,19.86,14.77,60.64
1,8,3,1,1,5,0.67,0.83,1,0.83,0.83,0.83,0.83,0.67,0.67,1,0.83,1,0.83,0,0.25,1,1,1,0,1,1,1,1,0.5,1,1,26,1,1,1,0.5,1,0,0.83,0.83,0.83,0.5,0.83,0.83,0.83,0.83,0.67,0.67,0.83,0.33,0,0.17,1,0.5,1,1,1,0.83,1,1,1,0.83,0.83,0.83,0.67,0.83,0.83,0.25,0.17,0.17,0.33,0.83,0.83,0,0.83,0.67,0.83,1,0.67,0.33,0.33,0.5,0.83,1,1,0.83,1,18,26,26,11,11.98,20.57,18.81,8.24,16.64,19.78,18.09,18.73,59.60
1,8,3,2,1,5,0.67,0.83,1,0.83,0.83,0.83,0.83,0.67,0.67,1,0.83,1,0.83,0,0.25,1,1,1,0,1,1,1,1,0.5,1,1,26,1,1,1,0.5,1,0,0.83,0.83,0.83,0.5,0.83,0.83,0.83,0.83,0.67,0.67,0.83,0.33,0,0.17,1,0.5,1,1,1,0.83,1,1,1,0.83,0.83,0.83,0.67,0.83,0.83,0.25,0.17,0.17,0.33,0.83,0.83,0,0.83,0.67,0.83,1,0.67,0.33,0.33,0.5,0.83,1,1,0.83,1,18,26,26,11,11.98,20.57,18.81,8.24,16.64,19.78,18.09,18.73,59.60
1,8,3,3,1,5,0.67,0.83,1,0.83,0.83,0.83,0.83,0.67,0.67,1,0.83,1,0.83,0,0.25,1,1,1,0,1,1,1,1,0.5,1,1,26,1,1,1,0.5,1,0,0.83,0.83,0.83,0.5,0.83,0.83,0.83,0.83,0.67,0.67,0.83,0.33,0,0.17,1,0.5,1,1,1,0.83,1,1,1,0.83,0.83,0.83,0.67,0.83,0.83,0.25,0.17,0.17,0.33,0.83,0.83,0,0.83,0.67,0.83,1,0.67,0.33,0.33,0.5,0.83,1,1,0.83,1,18,26,26,11,11.98,20.57,18.81,8.24,16.64,19.78,18.09,18.73,59.60
0,0,0,0,0,0,1,1,1,1,1,1,1,1,0.83,1,0.83,1,0.83,1,0.5,1,1,1,0,1,1,1,1,1,1,1,26,0.57,0.22,0.75,0.5,1,0,0,0,0,0,0,0,0,0,0,0,0,0.33,,0.5,0,0,0,0,0,0.83,1,1,0.5,1,1,1,1,1,1,1,0.5,0.5,0.5,1,0.33,1,0.5,0.5,0.83,0.5,1,1,1,1,1,1,1,1,1,18,26,26,11,14.66,23.99,4.7,10,20.36,23.07,4.52,22.73,53.35
1,5,1,1,0,7,1,1,1,1,1,0.83,0.83,0.83,0.5,0.17,0.67,0.33,0.67,0.25,0.75,1,1,0.83,0,1,1,1,0,1,1,1,26,0.14,0.11,0.25,0.5,1,,1,1,0.5,0.83,0.67,1,1,1,0.83,0.5,1,,0,0,0.83,0.83,0.67,0.83,0.83,1,1,1,1,0.83,1,0.83,0.83,1,1,1,0.5,0.83,1,0.67,1,0.83,0.5,0.5,0.5,0.5,0.5,0.5,0.5,0.33,0.5,1,1,1,1,18,26,26,11,12.66,19.66,16.32,9.99,17.58,18.90,15.69,22.70,58.63
1,11,2,1,1,7,1,1,0.83,0.83,0.83,1,1,0.83,0.67,0.67,0.67,0.67,0.83,0.5,0.75,1,0.83,1,0,1,1,1,0.83,1,1,1,26,0.57,0.22,1,0.5,1,0,0.67,0.67,0.83,0.5,0.83,0.5,0.5,0.83,1,0.83,1,0,,0,1,0.67,0.67,0.67,0.67,0.83,1,1,0.83,0.83,0.83,0.83,0.83,0.83,1,1,1,0.5,0.67,0.5,0.67,0.33,0.5,0.5,0.67,0.67,0.67,0.83,1,0.83,0.83,0.67,0.67,0.83,0.67,18,26,26,11,12.01,21.74,15.96,9.98,16.68,20.90,15.35,22.68,59.69
1,11,2,2,1,7,1,1,0.83,0.83,0.83,1,1,0.83,0.67,0.67,0.67,0.67,0.83,0.5,0.75,1,0.83,1,0,1,1,1,0.83,1,1,1,26,0.57,0.22,1,0.5,1,0,0.67,0.67,0.83,0.5,0.83,0.5,0.5,0.83,1,0.83,1,0,,0,1,0.67,0.67,0.67,0.67,0.83,1,1,0.83,0.83,0.83,0.83,0.83,0.83,1,1,1,0.5,0.67,0.5,0.67,0.33,0.5,0.5,0.67,0.67,0.67,0.83,1,0.83,0.83,0.67,0.67,0.83,0.67,18,26,26,11,12.01,21.74,15.96,9.98,16.68,20.90,15.35,22.68,59.69
0,0,0,0,0,0,1,0.83,0.83,0.67,0.83,1,1,1,0.83,0.5,0.83,0.5,1,0.75,0.75,1,1,1,0,1,1,1,1,1,1,1,26,0.57,0.89,1,1,0.83,0,0.83,0.83,1,0.67,0.83,0.67,0.67,0.5,0.5,0.67,0.67,0.17,0,1,1,0.33,0.83,0.67,1,1,1,0.83,0.67,1,1,1,1,1,0.83,1,0.67,0.5,0.5,0.5,0.33,0.67,0.67,0.5,0.5,0.5,0.5,0.67,0.67,0.67,0.67,0.67,0.67,0.67,0.67,18,26,26,11,10.53,22.32,18.13,10,14.63,21.46,17.43,22.73,60.98
1,8,2,1,0,4,0.83,0.83,0.67,0.67,0.67,0.83,0.5,0.83,0.83,1,0.67,1,0.83,1,1,1,1,0.83,0,1,1,0.83,1,0.83,1,0.83,26,0.71,0.56,1,0,1,0,0.67,0.67,0,0.5,1,0.67,0.5,0.83,0.67,0.67,0.83,0.33,0,0,0.5,0.67,0.67,0.67,0.67,0.5,0.83,1,0.83,0.67,0.67,0.67,0.83,0.83,1,1,0.67,0.5,0.5,0.67,0.67,0.67,0.5,0.67,0.67,0.5,0.83,0.5,0.5,0.67,0.67,0.67,0.67,0.5,0.67,18,26,26,11,11.03,21.48,14.29,9,15.32,20.65,13.74,20.45,55.80
1,8,2,2,0,4,0.83,0.83,0.67,0.67,0.67,0.83,0.5,0.83,0.83,1,0.67,1,0.83,1,1,1,1,0.83,0,1,1,0.83,1,0.83,1,0.83,26,0.71,0.56,1,0,1,0,0.67,0.67,0,0.5,1,0.67,0.5,0.83,0.67,0.67,0.83,0.33,0,0,0.5,0.67,0.67,0.67,0.67,0.5,0.83,1,0.83,0.67,0.67,0.67,0.83,0.83,1,1,0.67,0.5,0.5,0.67,0.67,0.67,0.5,0.67,0.67,0.5,0.83,0.5,0.5,0.67,0.67,0.67,0.67,0.5,0.67,18,26,26,11,11.03,21.48,14.29,9,15.32,20.65,13.74,20.45,55.80
1,7,1,2,1,7,1,0.83,0.83,0.83,0.83,0.83,0.83,0.83,0.5,0.17,0.5,0.83,1,0,0.5,1,0.83,1,0,1,1,1,1,1,1,1,26,0.29,0.44,1,0.5,0.83,0,1,0.83,1,0.5,1,1,0.83,1,1,1,1,0,0,0.17,0.83,0.83,0.83,0.83,0.83,0.33,1,0.5,0.33,0.83,0.83,0.33,0.67,0.83,0.83,1,0.5,0.67,0,0.83,0,0.83,0.67,0.5,0.67,0.5,0.5,0.17,0.33,0.67,0.83,0.5,0.83,0.83,0.83,18,26,26,11,10.16,20.14,17.87,7.65,14.11,19.37,17.18,17.39,55.82
1,10,2,1,0,6,0.5,0.83,0.83,0.83,1,1,1,1,0.83,0.5,1,0.67,1,1,0.25,1,1,1,0,1,1,1,1,1,1,1,26,0.57,0.44,1,0.5,1,0,1,1,1,1,1,1,1,1,1,0.67,0.83,0.83,0,0.33,1,1,1,0.67,1,0.67,1,1,1,1,1,1,1,1,0.67,0.75,0.5,0.5,0,1,1,0.5,1,0.5,0.67,0.83,0.5,0.67,0.83,0.67,1,0.83,0.83,0.83,0.83,18,26,26,11,12.99,22.24,20.51,9.92,18.04,21.38,19.72,22.55,65.66
1,10,2,2,0,6,0.5,0.83,0.83,0.83,1,1,1,1,0.83,0.5,1,0.67,1,1,0.25,1,1,1,0,1,1,1,1,1,1,1,26,0.57,0.44,1,0.5,1,0,1,1,1,1,1,1,1,1,1,0.67,0.83,0.83,0,0.33,1,1,1,0.67,1,0.67,1,1,1,1,1,1,1,1,0.67,0.75,0.5,0.5,0,1,1,0.5,1,0.5,0.67,0.83,0.5,0.67,0.83,0.67,1,0.83,0.83,0.83,0.83,18,26,26,11,12.99,22.24,20.51,9.92,18.04,21.38,19.72,22.55,65.66
1,9,2,1,1,6,0.67,0.67,0.67,0.33,0.5,0.83,0.67,0.83,0.83,0.5,0.5,0.33,1,1,0.5,1,1,1,0,0.67,0.83,0.83,0.83,0.83,1,1,26,0.29,0.11,0.75,0.5,0.83,,0.83,0.67,1,0.5,1,0.83,0.67,0.83,0.83,1,0.83,0.17,,0,0.83,1,1,1,1,0.67,0.5,0.5,0.33,1,0.83,0.67,0.83,0.83,0.67,0.25,0.17,0.5,1,1,1,0.83,0.67,0.67,0.67,0.83,0.83,0.33,0.67,0.67,0.83,0.83,0.83,0.5,0.83,18,26,26,11,13.49,18.82,17.14,6.58,18.74,18.10,16.48,14.95,56.03
1,9,2,2,1,6,0.67,0.67,0.67,0.33,0.5,0.83,0.67,0.83,0.83,0.5,0.5,0.33,1,1,0.5,1,1,1,0,0.67,0.83,0.83,0.83,0.83,1,1,26,0.29,0.11,0.75,0.5,0.83,,0.83,0.67,1,0.5,1,0.83,0.67,0.83,0.83,1,0.83,0.17,,0,0.83,1,1,1,1,0.67,0.5,0.5,0.33,1,0.83,0.67,0.83,0.83,0.67,0.25,0.17,0.5,1,1,1,0.83,0.67,0.67,0.67,0.83,0.83,0.33,0.67,0.67,0.83,0.83,0.83,0.5,0.83,18,26,26,11,13.49,18.82,17.14,6.58,18.74,18.10,16.48,14.95,56.03
1,10,2,1,0,7,0.83,0.83,0.67,0.83,0.5,0.83,0.83,0.83,0.83,0.67,0.67,0.83,0.83,0.5,0.5,1,0.83,0.83,0,1,1,1,1,0.83,1,1,26,0.57,0.33,0.75,0.5,0.67,0,1,0.83,0.83,0.83,0.83,0.83,0.83,0.83,0.83,0.83,0.83,0.5,0,0.17,0.83,0.83,0.67,0.67,0.83,0.67,0.83,0.83,0.83,0.83,0.83,0.67,0.83,0.83,0.83,0.75,0.83,0.67,0.67,0.17,0.33,0.83,0.67,0.67,0.33,0.5,0.67,0.33,0.67,0.5,0.83,0.83,0.83,0.83,0.83,18,26,26,11,11.16,20.47,17.29,8.89,15.50,19.68,16.63,20.20,57.81
1,10,2,2,0,7,0.83,0.83,0.67,0.83,0.5,0.83,0.83,0.83,0.83,0.67,0.67,0.83,0.83,0.5,0.5,1,0.83,0.83,0,1,1,1,1,0.83,1,1,26,0.57,0.33,0.75,0.5,0.67,0,1,0.83,0.83,0.83,0.83,0.83,0.83,0.83,0.83,0.83,0.83,0.5,0,0.17,0.83,0.83,0.67,0.67,0.83,0.67,0.83,0.83,0.83,0.83,0.83,0.67,0.83,0.83,0.83,0.75,0.83,0.67,0.67,0.17,0.33,0.83,0.67,0.67,0.33,0.5,0.67,0.33,0.67,0.5,0.83,0.83,0.83,0.83,0.83,18,26,26,11,11.16,20.47,17.29,8.89,15.50,19.68,16.63,20.20,57.81
1,4,1,1,0,7,0.83,0.83,0.83,0.67,0.83,1,0.83,0.83,0.83,0.83,0.83,1,0.83,0.75,1,1,1,1,0,1,1,1,1,1,1,1,26,0.71,0.56,1,0.5,1,0,1,1,1,1,1,1,1,1,1,1,1,0.33,0,0.33,1,1,1,1,1,1,0.83,0,0.17,1,0.83,0.83,0.83,0.83,0.83,0.5,0.5,0.33,0.5,0.83,1,0.5,0.33,0.83,0.67,0.83,0.83,0.33,0.83,0.83,0.83,0.83,0.83,0.83,0.83,18,26,26,11,12.79,22.72,21.43,7.15,17.76,21.85,20.61,16.25,64.09
1,9,2,1,1,6,0.67,0.67,0.67,0.5,1,0.67,1,0.83,0.83,0.33,0.67,0.5,0.67,0.5,0.25,1,1,1,0,1,0.67,1,1,0.5,1,0.83,26,0.57,0.56,0.75,1,1,0,0.67,0.83,1,0.5,0.83,0.5,0.67,0.83,1,0.83,0.83,0.33,0,0.17,1,0.83,0.67,0.83,0.83,0.17,1,1,0.83,0.67,0.83,0.83,0.83,1,1,0.75,0.5,0.67,0.33,0.83,0.17,0.5,0.67,0.67,0.67,0.67,0.67,0.5,0.5,0.67,0.67,0.67,1,0.67,0.67,18,26,26,11,11.2,18.76,17.2,9.24,15.56,18.04,16.54,21.00,56.40
1,9,2,2,1,6,0.67,0.67,0.67,0.5,1,0.67,1,0.83,0.83,0.33,0.67,0.5,0.67,0.5,0.25,1,1,1,0,1,0.67,1,1,0.5,1,0.83,26,0.57,0.56,0.75,1,1,0,0.67,0.83,1,0.5,0.83,0.5,0.67,0.83,1,0.83,0.83,0.33,0,0.17,1,0.83,0.67,0.83,0.83,0.17,1,1,0.83,0.67,0.83,0.83,0.83,1,1,0.75,0.5,0.67,0.33,0.83,0.17,0.5,0.67,0.67,0.67,0.67,0.67,0.5,0.5,0.67,0.67,0.67,1,0.67,0.67,18,26,26,11,11.2,18.76,17.2,9.24,15.56,18.04,16.54,21.00,56.40
0,0,0,0,0,0,1,0.67,0.83,0.67,0.83,0.83,0.83,0.83,0.83,0.5,0.83,0.83,0.83,0.5,0.5,1,0.83,0.83,0,0.83,0.67,0.83,0.67,0.5,1,0.83,26,0.71,0.22,1,0.5,1,0,1,0.67,1,0.67,1,0.67,0.67,1,0.83,1,0.83,0.33,0,0,0.83,0.83,0.83,1,0.67,0.83,0.83,0.17,0.67,0.83,0.83,0.67,0.83,0.83,0.33,0.25,0,0.67,0.83,0.83,0,0.33,0.33,1,0.83,1,1,0.83,0.83,1,1,0.83,0.83,0.83,0.83,18,26,26,11,13.8,19.3,18.09,6.24,19.17,18.56,17.39,14.18,57.43
1,3,2,1,0,4,0.83,0.67,0.67,0.33,0.83,0.83,0.5,0.67,0.5,0.5,0.5,0.5,0.67,0,0.25,1,0.83,1,0,1,1,1,1,0.83,1,1,26,0.29,0.44,1,0,0.83,0,0.67,0.5,0.33,0.5,0.5,0.5,0.5,0.67,0.83,0.17,0.67,,0,0,0.83,0.67,0.5,0.83,0.67,0.67,0.83,0.83,0.83,0.83,0.67,0.5,0.67,0.67,0.67,0,0.17,0.5,0.83,0.83,0.83,0.83,0.83,0.5,0.5,0.5,0.67,0.33,0.5,0.5,0.67,0.67,0.5,0.5,0.67,18,26,26,11,11.16,17.91,12.57,6.67,15.50,17.22,12.09,15.16,48.31
1,3,2,2,0,4,0.83,0.67,0.67,0.33,0.83,0.83,0.5,0.67,0.5,0.5,0.5,0.5,0.67,0,0.25,1,0.83,1,0,1,1,1,1,0.83,1,1,26,0.29,0.44,1,0,0.83,0,0.67,0.5,0.33,0.5,0.5,0.5,0.5,0.67,0.83,0.17,0.67,,0,0,0.83,0.67,0.5,0.83,0.67,0.67,0.83,0.83,0.83,0.83,0.67,0.5,0.67,0.67,0.67,0,0.17,0.5,0.83,0.83,0.83,0.83,0.83,0.5,0.5,0.5,0.67,0.33,0.5,0.5,0.67,0.67,0.5,0.5,0.67,18,26,26,11,11.16,17.91,12.57,6.67,15.50,17.22,12.09,15.16,48.31
1,8,2,1,0,5,0.83,0.83,0.67,0.67,0.83,0.83,0.83,0.83,0.17,0.17,0.17,0.33,0.17,0,0,1,0.83,0.83,0,1,1,1,0.5,0.83,1,0.83,26,0.29,0.44,0.5,0.5,0.83,0,1,0.33,0.67,0.67,0.83,0.5,0.5,0.83,1,0.5,0.17,0.17,,0.17,0.83,0.67,0.67,0.67,0.83,0.17,1,1,1,0.83,0.83,0.83,0.67,0.83,0.83,0.25,0.17,0.83,1,0.83,1,0.83,1,0.17,0.17,0.17,0.17,0.83,0.83,0.67,0.83,0.83,0.83,0.67,0.67,18,26,26,11,12.33,16.15,13.74,8.24,17.13,15.53,13.21,18.73,50.46
1,8,2,2,0,5,0.83,0.83,0.67,0.67,0.83,0.83,0.83,0.83,0.17,0.17,0.17,0.33,0.17,0,0,1,0.83,0.83,0,1,1,1,0.5,0.83,1,0.83,26,0.29,0.44,0.5,0.5,0.83,0,1,0.33,0.67,0.67,0.83,0.5,0.5,0.83,1,0.5,0.17,0.17,,0.17,0.83,0.67,0.67,0.67,0.83,0.17,1,1,1,0.83,0.83,0.83,0.67,0.83,0.83,0.25,0.17,0.83,1,0.83,1,0.83,1,0.17,0.17,0.17,0.17,0.83,0.83,0.67,0.83,0.83,0.83,0.67,0.67,18,26,26,11,12.33,16.15,13.74,8.24,17.13,15.53,13.21,18.73,50.46
1,3,1,1,0,4,1,0.67,0.83,0.83,0.67,1,0.67,0.83,0.83,0.67,0.5,0.83,0.83,0.5,0.5,1,1,1,0,1,1,1,1,1,1,1,26,0.57,0.44,1,0.5,0.83,0,0.67,0.67,1,0.67,1,0.83,0.83,1,1,0.83,1,0,0,0,1,0.83,0.83,1,0.83,0.67,0.83,0.83,0.83,1,0.83,1,0.83,1,0.5,0.25,0.33,0.83,0.5,0.83,0.33,0.83,0.67,0.67,0.67,0.5,0.83,0.33,0.5,0.67,0.67,0.67,0.67,0.5,0.67,18,26,26,11,11.34,21.16,18,8.23,15.75,20.35,17.31,18.70,58.73
1,0,3,1,0,5,0.5,0.67,0.67,0.5,0.17,0.67,0.83,0.5,0.67,0.5,0.5,0.67,0.5,0.75,0.25,0.83,0.67,0.83,0,1,1,1,1,1,1,1,26,0.29,0.5,0.5,0.5,1,0,1,1,0.83,1,1,0.83,0.83,0.5,0.67,0.67,0.33,0,,0.5,0.5,0.67,0.67,0.67,0.67,0.67,0.67,1,0.5,0.5,0.5,0.5,0.67,0.5,0.5,0.5,0.5,0.5,0.5,0.17,0.5,0.67,0.17,0.83,0.5,0.5,0.67,0.33,0.33,0.33,0.33,0.83,0.83,0.5,0.5,18,26,26,11,8.99,17.68,15.8,6.34,12.49,17.00,15.19,14.41,48.81
1,0,3,2,0,5,0.5,0.67,0.67,0.5,0.17,0.67,0.83,0.5,0.67,0.5,0.5,0.67,0.5,0.75,0.25,0.83,0.67,0.83,0,1,1,1,1,1,1,1,26,0.29,0.5,0.5,0.5,1,0,1,1,0.83,1,1,0.83,0.83,0.5,0.67,0.67,0.33,0,,0.5,0.5,0.67,0.67,0.67,0.67,0.67,0.67,1,0.5,0.5,0.5,0.5,0.67,0.5,0.5,0.5,0.5,0.5,0.5,0.17,0.5,0.67,0.17,0.83,0.5,0.5,0.67,0.33,0.33,0.33,0.33,0.83,0.83,0.5,0.5,18,26,26,11,8.99,17.68,15.8,6.34,12.49,17.00,15.19,14.41,48.81
1,0,3,3,0,5,0.5,0.67,0.67,0.5,0.17,0.67,0.83,0.5,0.67,0.5,0.5,0.67,0.5,0.75,0.25,0.83,0.67,0.83,0,1,1,1,1,1,1,1,26,0.29,0.5,0.5,0.5,1,0,1,1,0.83,1,1,0.83,0.83,0.5,0.67,0.67,0.33,0,,0.5,0.5,0.67,0.67,0.67,0.67,0.67,0.67,1,0.5,0.5,0.5,0.5,0.67,0.5,0.5,0.5,0.5,0.5,0.5,0.17,0.5,0.67,0.17,0.83,0.5,0.5,0.67,0.33,0.33,0.33,0.33,0.83,0.83,0.5,0.5,18,26,26,11,8.99,17.68,15.8,6.34,12.49,17.00,15.19,14.41,48.81
1,5,2,1,1,6,0.67,0.83,0.67,0.67,0.67,0.67,1,0.83,0.83,0.33,0.67,0.17,0.33,0.5,0.5,1,1,1,0,1,1,0.5,0.67,0.83,1,0.83,26,0.14,0.11,0.75,0.5,0.67,0,0.5,0.67,0.33,0.5,0.67,0.67,0.5,0.83,1,0.67,0.83,,,0,0.67,0.67,0.17,0.33,0.33,0.67,1,1,1,0.5,0.83,0.67,0.83,0.83,1,1,1,0.83,0.33,0.67,0.33,0.33,0.33,0.5,0.33,0.5,0.83,0.17,0.83,0.67,0.67,0.83,0.83,0.67,0.67,18,26,26,11,10.32,18.17,12.18,9.66,14.33,17.47,11.71,21.95,50.33
1,5,2,2,1,6,0.67,0.83,0.67,0.67,0.67,0.67,1,0.83,0.83,0.33,0.67,0.17,0.33,0.5,0.5,1,1,1,0,1,1,0.5,0.67,0.83,1,0.83,26,0.14,0.11,0.75,0.5,0.67,0,0.5,0.67,0.33,0.5,0.67,0.67,0.5,0.83,1,0.67,0.83,,,0,0.67,0.67,0.17,0.33,0.33,0.67,1,1,1,0.5,0.83,0.67,0.83,0.83,1,1,1,0.83,0.33,0.67,0.33,0.33,0.33,0.5,0.33,0.5,0.83,0.17,0.83,0.67,0.67,0.83,0.83,0.67,0.67,18,26,26,11,10.32,18.17,12.18,9.66,14.33,17.47,11.71,21.95,50.33
1,7,3,1,0,6,1,1,1,1,1,1,1,1,1,1,1,1,1,1,0.5,1,1,1,0,1,1,1,1,0.83,1,1,26,0.5,0.89,1,0.5,1,0,1,1,1,1,1,1,1,1,1,1,1,0.17,,0,1,0.83,0.83,1,1,0.83,1,1,1,1,1,1,1,1,1,1,0.5,0.67,0,0.17,0,0.83,0.33,0.83,0.67,0.83,0.83,0.67,1,0.33,1,1,1,1,1,18,26,26,11,12.16,24.33,20.55,10.5,16.89,23.39,19.76,23.86,67.54
1,7,3,2,0,6,1,1,1,1,1,1,1,1,1,1,1,1,1,1,0.5,1,1,1,0,1,1,1,1,0.83,1,1,26,0.5,0.89,1,0.5,1,0,1,1,1,1,1,1,1,1,1,1,1,0.17,,0,1,0.83,0.83,1,1,0.83,1,1,1,1,1,1,1,1,1,1,0.5,0.67,0,0.17,0,0.83,0.33,0.83,0.67,0.83,0.83,0.67,1,0.33,1,1,1,1,1,18,26,26,11,12.16,24.33,20.55,10.5,16.89,23.39,19.76,23.86,67.54
1,7,3,3,0,6,1,1,1,1,1,1,1,1,1,1,1,1,1,1,0.5,1,1,1,0,1,1,1,1,0.83,1,1,26,0.5,0.89,1,0.5,1,0,1,1,1,1,1,1,1,1,1,1,1,0.17,,0,1,0.83,0.83,1,1,0.83,1,1,1,1,1,1,1,1,1,1,0.5,0.67,0,0.17,0,0.83,0.33,0.83,0.67,0.83,0.83,0.67,1,0.33,1,1,1,1,1,18,26,26,11,12.16,24.33,20.55,10.5,16.89,23.39,19.76,23.86,67.54
1,2,1,1,0,4,0.83,0.83,0.67,0.67,1,0.67,0.5,0.67,0.67,0.5,0.5,0.83,0.67,0.5,0.5,1,1,1,0,1,1,1,1,1,1,1,26,0.57,0.22,1,0.5,1,0,1,1,1,1,1,1,1,0.67,0.83,1,1,0.33,,0.17,0.83,0.83,0.83,1,0.83,0.33,0.83,1,1,0.5,0.83,0.83,0.83,0.83,0.67,0.75,0.5,0.83,0.5,0.83,0.83,0.5,0.83,0.5,0.33,0.33,0.5,0.17,0.17,0.17,0.33,0.83,0.83,0.67,0.67,18,26,26,11,9.82,20.01,18.94,8.57,13.64,19.24,18.21,19.48,57.34
1,17,2,1,1,5,0.83,0.83,1,0.83,1,1,1,1,1,1,0.83,1,1,1,0.5,1,1,1,0,1,1,1,1,1,1,1,26,0.5,0.5,1,0.5,1,0,1,1,1,1,1,1,1,1,1,1,1,,0,0.83,1,1,0.83,0.67,0.67,0.67,1,1,0.83,0.67,0.83,0.83,0.83,1,0.83,0.75,0.5,0.83,0.17,0.17,0.17,0.5,0.5,0.83,0.83,0.83,1,0.83,0.83,0.83,1,0.83,0.83,0.83,0.83,18,26,26,11,12.64,23.82,20.17,9.07,17.56,22.90,19.39,20.61,65.70
1,17,2,2,1,5,0.83,0.83,1,0.83,1,1,1,1,1,1,0.83,1,1,1,0.5,1,1,1,0,1,1,1,1,1,1,1,26,0.5,0.5,1,0.5,1,0,1,1,1,1,1,1,1,1,1,1,1,,0,0.83,1,1,0.83,0.67,0.67,0.67,1,1,0.83,0.67,0.83,0.83,0.83,1,0.83,0.75,0.5,0.83,0.17,0.17,0.17,0.5,0.5,0.83,0.83,0.83,1,0.83,0.83,0.83,1,0.83,0.83,0.83,0.83,18,26,26,11,12.64,23.82,20.17,9.07,17.56,22.90,19.39,20.61,65.70
1,8,2,1,1,7,0.5,0.83,0.83,0.83,1,1,1,1,1,1,1,0.67,1,1,1,1,0.83,1,0,1,1,1,0,1,1,1,26,1,0.56,1,1,1,0,0.83,0.83,1,0.83,0.83,0.83,0.83,0.83,0.83,1,0.83,0.17,,0.17,0.83,0.67,0.83,0.83,0.83,1,0.83,1,0.5,1,0.83,0.83,0.83,0.83,1,0.5,0.5,0.83,0.33,0.33,0.83,0.33,0.33,0.67,0.5,0.67,0.67,0.5,0.67,0.5,0.83,0.83,0.83,0.83,0.67,18,26,26,11,11.15,22.49,19.36,8.65,15.49,21.63,18.62,19.66,61.65
1,8,2,2,1,7,0.5,0.83,0.83,0.83,1,1,1,1,1,1,1,0.67,1,1,1,1,0.83,1,0,1,1,1,0,1,1,1,26,1,0.56,1,1,1,0,0.83,0.83,1,0.83,0.83,0.83,0.83,0.83,0.83,1,0.83,0.17,,0.17,0.83,0.67,0.83,0.83,0.83,1,0.83,1,0.5,1,0.83,0.83,0.83,0.83,1,0.5,0.5,0.83,0.33,0.33,0.83,0.33,0.33,0.67,0.5,0.67,0.67,0.5,0.67,0.5,0.83,0.83,0.83,0.83,0.67,18,26,26,11,11.15,22.49,19.36,8.65,15.49,21.63,18.62,19.66,61.65
1,7,2,1,1,7,0.83,0.67,0.67,0.5,0.83,0.83,0.83,0.67,0.33,0.33,0.5,0.33,0.33,0.5,0.5,0.83,0.83,0.83,0,1,1,1,1,0.83,1,0.83,26,0.5,0.78,1,1,1,0,1,1,1,0.83,1,1,1,0.83,0.83,0.83,0.83,0.17,,0.17,0.83,0.5,0.83,0.67,0.83,0.67,0.67,1,0.83,0.67,0.83,0.67,0.83,0.83,0.83,0.25,0.17,0.5,0.83,0.83,0.67,0.83,0.67,0.17,0.5,0.33,0.33,0.5,0.5,0.5,0.67,0.67,0.67,0.67,0.83,18,26,26,11,10.67,17.8,19.1,7.58,14.82,17.12,18.37,17.23,55.15
1,7,2,2,1,7,0.83,0.67,0.67,0.5,0.83,0.83,0.83,0.67,0.33,0.33,0.5,0.33,0.33,0.5,0.5,0.83,0.83,0.83,0,1,1,1,1,0.83,1,0.83,26,0.5,0.78,1,1,1,0,1,1,1,0.83,1,1,1,0.83,0.83,0.83,0.83,0.17,,0.17,0.83,0.5,0.83,0.67,0.83,0.67,0.67,1,0.83,0.67,0.83,0.67,0.83,0.83,0.83,0.25,0.17,0.5,0.83,0.83,0.67,0.83,0.67,0.17,0.5,0.33,0.33,0.5,0.5,0.5,0.67,0.67,0.67,0.67,0.83,18,26,26,11,10.67,17.8,19.1,7.58,14.82,17.12,18.37,17.23,55.15
0,0,0,0,0,0,0.83,0.83,0.83,0.83,1,1,1,0.67,0.67,0.5,0.5,0.5,0.5,0.5,0.75,1,1,0.83,0,1,1,0.83,0.67,0.83,1,1,26,0.57,0.67,0.75,0.5,0.83,0,1,0.83,1,0.67,1,0.83,0.83,0.83,0.83,0.67,0.83,0,,0,0.83,0.83,0.67,0.67,0.83,0.5,0.83,0.83,0.83,0.67,0.83,0.67,0.83,0.83,0.83,0.25,0.83,0.5,0.83,0.83,0.83,0.5,0.33,0.5,0.5,0.5,0.67,0.67,0.83,0.67,0.83,0.5,0.67,0.5,0.67,18,26,26,11,11.33,20.07,16.97,8.23,15.74,19.30,16.32,18.70,56.60
1,10,2,1,1,6,0.83,0.83,0.83,0.83,0.17,0.83,0.83,0.83,0.83,0.83,0.83,0.83,0.83,0.5,0.5,0.83,0.83,0.83,0,1,1,1,1,1,1,0.83,26,1,1,1,0.5,1,0,0.83,1,0.83,1,0.83,1,0.83,1,1,1,1,0.33,,0,1,1,1,1,1,0.67,1,1,0.83,0.83,0.83,0.83,0.83,0.83,1,1,0.83,0.5,0.83,0.83,0.83,0.83,0.83,0.5,0.5,0.5,0.5,0.83,0.83,0.83,0.83,0.83,0.83,0.83,0.83,18,26,26,11,13.29,20.45,20.82,9.81,18.46,19.66,20.02,22.30,64.37
1,10,2,2,1,6,0.83,0.83,0.83,0.83,0.17,0.83,0.83,0.83,0.83,0.83,0.83,0.83,0.83,0.5,0.5,0.83,0.83,0.83,0,1,1,1,1,1,1,0.83,26,1,1,1,0.5,1,0,0.83,1,0.83,1,0.83,1,0.83,1,1,1,1,0.33,,0,1,1,1,1,1,0.67,1,1,0.83,0.83,0.83,0.83,0.83,0.83,1,1,0.83,0.5,0.83,0.83,0.83,0.83,0.83,0.5,0.5,0.5,0.5,0.83,0.83,0.83,0.83,0.83,0.83,0.83,0.83,18,26,26,11,13.29,20.45,20.82,9.81,18.46,19.66,20.02,22.30,64.37
0,0,0,0,0,0,1,1,1,1,1,1,1,1,1,1,1,0.83,1,1,1,1,1,1,0,1,1,1,1,1,1,1,26,0.29,0.22,0.25,0,0.67,0,1,0.83,1,1,1,1,1,1,1,1,1,0.5,0,0.33,1,1,0.67,1,1,0.67,1,1,1,1,1,1,1,1,1,1,1,0.33,1,0.67,0,1,0.83,0.5,0.83,0.5,0.67,0.5,0.83,0.83,1,1,1,1,1,18,26,26,11,13.49,24.83,18.43,11,18.74,23.88,17.72,25.00,67.75
1,5,1,1,0,1,0.83,0.83,0.83,0.83,1,0.83,1,1,1,0.83,0.83,0.67,1,1,1,1,1,0.83,0,1,1,1,0.83,0.83,1,0.83,26,0.71,0.33,0.75,0.5,0.67,0,1,1,1,1,1,1,1,1,1,1,1,0.33,0,0.33,1,1,1,1,1,0.33,0.83,1,1,1,0.83,0.83,0.83,0.67,1,0,0.33,0.67,0.67,0.83,0.83,0.5,0.33,0.5,0.83,0.5,0.83,0.67,0.83,0.83,0.83,1,0.67,1,1,18,26,26,11,13.32,22.8,19.95,8.32,18.50,21.92,19.18,18.91,64.39
1,7,2,1,0,5,0.83,0.83,0.83,0.83,0.83,0.83,0.67,0.83,0.5,0.5,0.5,0.5,0.83,0.75,0,1,1,1,0,1,1,0.83,1,0.83,1,1,26,0.86,0.44,1,0.5,1,0,1,1,1,0.83,0.83,1,1,0.83,0.83,0.67,0.83,0.83,,0.33,1,0.5,1,1,1,0.5,0.67,0.83,0.5,0.83,0.83,0.83,0.83,0.83,0.83,0.5,0.17,0.5,0.5,1,0.83,0.83,0.83,0.5,0.5,0.5,0.67,0.83,0.83,0.83,0.83,0.5,0.5,0.83,0.67,18,26,26,11,12.48,19.72,19.78,7.65,17.33,18.96,19.02,17.39,59.63
1,7,2,2,0,5,0.83,0.83,0.83,0.83,0.83,0.83,0.67,0.83,0.5,0.5,0.5,0.5,0.83,0.75,0,1,1,1,0,1,1,0.83,1,0.83,1,1,26,0.86,0.44,1,0.5,1,0,1,1,1,0.83,0.83,1,1,0.83,0.83,0.67,0.83,0.83,,0.33,1,0.5,1,1,1,0.5,0.67,0.83,0.5,0.83,0.83,0.83,0.83,0.83,0.83,0.5,0.17,0.5,0.5,1,0.83,0.83,0.83,0.5,0.5,0.5,0.67,0.83,0.83,0.83,0.83,0.5,0.5,0.83,0.67,18,26,26,11,12.48,19.72,19.78,7.65,17.33,18.96,19.02,17.39,59.63
1,2,1,1,0,5,0.67,0.67,0.67,0.5,1,1,0.83,1,0.5,0.83,0.67,1,0.83,1,0.5,0.83,0.83,1,0,1,1,0.83,0.83,0.67,1,0.67,26,0.86,0.78,1,0.5,1,0,1,1,1,0.67,0.83,0.83,1,0.83,0.83,1,1,0,,0.17,0.83,0.67,1,1,1,0.83,1,0.17,0.83,1,0.33,0.5,0.83,1,0.83,1,0.83,0.67,0.83,1,1,0.67,1,0.33,0.83,0.5,0.67,0.33,0.67,0.67,0.67,0.83,0.67,0.83,1,18,26,26,11,13.17,20.33,19.63,8.32,18.29,19.55,18.88,18.91,61.45
1,2,1,1,0,1,0.83,0.67,0.83,0.83,0.33,1,1,0.83,0.83,1,1,1,1,1,0.75,1,1,1,0,1,1,1,1,1,1,0.67,26,0.71,0.67,1,1,0.83,0,0.83,1,1,0.67,0.67,1,1,0.83,1,1,1,0.17,,0.5,0.83,0.67,0.83,0.67,0.83,0.33,0.83,1,0.83,1,1,0.83,1,0.83,0.83,0.75,0.33,0.83,1,1,1,0.33,0.83,0.5,0.5,0.5,0.83,0.67,0.83,0.83,0.83,0.67,0.67,0.67,0.67,18,26,26,11,13.16,22.57,19.04,9.23,18.28,21.70,18.31,20.98,64.00
1,3,1,1,0,6,0.67,0.83,0.67,0.83,0.83,0.83,0.83,0.83,0.83,0.5,0.5,0.5,0.5,0,0,1,1,1,0,1,1,1,1,1,1,1,26,0.71,0.22,0.75,0.5,0.83,0,1,1,1,1,1,1,1,1,1,1,1,0.33,,0.17,1,0.5,1,1,1,0.5,1,1,1,0.83,0.83,0.83,0.83,0.83,1,1,0.67,0.83,0.17,0.83,0.83,0.5,0.5,0.5,0.5,0.5,0.67,0.33,0.83,0.83,0.83,1,1,1,1,18,26,26,11,12.65,19.15,19.51,9.82,17.57,18.41,18.76,22.32,61.13
1,12,2,1,1,7,0.83,1,0.83,1,0.83,0.83,0.83,1,0.83,0.67,0.67,0.83,0.83,1,0.75,0.83,0.83,0.83,0,1,1,1,0,0.5,1,0.83,26,0.86,0.56,1,0.5,1,0,1,1,1,1,0.67,0.83,0.83,0.83,0.83,0.83,0.83,0.5,0,0,0.83,0.83,0.83,0.67,0.83,0.83,1,1,1,0.83,1,0.83,0.83,0.83,0.83,0.25,0.67,0.67,0.67,1,0.83,0.83,0.67,0.83,0.67,0.83,0.83,0.83,0.83,0.83,0.83,0.83,0.83,0.83,0.83,18,26,26,11,14.47,20.55,18.89,9.07,20.10,19.76,18.16,20.61,62.98
1,12,2,2,1,7,0.83,1,0.83,1,0.83,0.83,0.83,1,0.83,0.67,0.67,0.83,0.83,1,0.75,0.83,0.83,0.83,0,1,1,1,0,0.5,1,0.83,26,0.86,0.56,1,0.5,1,0,1,1,1,1,0.67,0.83,0.83,0.83,0.83,0.83,0.83,0.5,0,0,0.83,0.83,0.83,0.67,0.83,0.83,1,1,1,0.83,1,0.83,0.83,0.83,0.83,0.25,0.67,0.67,0.67,1,0.83,0.83,0.67,0.83,0.67,0.83,0.83,0.83,0.83,0.83,0.83,0.83,0.83,0.83,0.83,18,26,26,11,14.47,20.55,18.89,9.07,20.10,19.76,18.16,20.61,62.98
0,0,0,0,0,0,0.83,0.83,0.67,0.67,0.67,0.83,0.83,0.83,0.67,0.67,0.83,0.67,0.83,1,0.75,1,1,1,0,1,1,1,1,1,1,1,26,0.5,0.44,0.75,0.5,1,0,0.67,0.83,1,0.5,1,0.67,0.83,1,1,0.83,0.83,0.17,0,0.17,1,0.83,1,1,1,0.5,0.83,0.5,0.33,0.83,0.83,0.83,0.83,0.83,1,1,0.67,0.5,0.67,0.33,0.33,1,0.5,0,0.17,0.83,0.33,0.83,0.67,0.33,0.83,0.67,0.67,0.83,0.67,18,26,26,11,10.16,21.58,18.02,8.48,14.11,20.75,17.33,19.27,58.24
1,7,2,1,0,3,1,0.83,0.83,1,1,0.83,0.83,0.83,1,0.83,0.83,0.83,1,1,0.75,1,1,1,0,1,0.83,1,0.83,0.67,1,1,26,0.57,0.67,1,0.5,1,0,1,1,1,0.83,0.83,1,0.83,0.83,1,0.83,0.83,0.33,,0,0.83,0.67,0.83,0.67,0.83,0.5,1,1,0.33,0.83,0.83,0.83,1,0.67,0.83,0.5,0.17,0.5,0.17,0.33,0.67,0.83,0.33,0.83,0.83,0.83,1,0.83,1,0.83,1,0.83,0.83,0.83,0.83,18,26,26,11,13.3,22.72,18.38,7.99,18.47,21.85,17.67,18.16,62.39
1,7,2,2,0,3,1,0.83,0.83,1,1,0.83,0.83,0.83,1,0.83,0.83,0.83,1,1,0.75,1,1,1,0,1,0.83,1,0.83,0.67,1,1,26,0.57,0.67,1,0.5,1,0,1,1,1,0.83,0.83,1,0.83,0.83,1,0.83,0.83,0.33,,0,0.83,0.67,0.83,0.67,0.83,0.5,1,1,0.33,0.83,0.83,0.83,1,0.67,0.83,0.5,0.17,0.5,0.17,0.33,0.67,0.83,0.33,0.83,0.83,0.83,1,0.83,1,0.83,1,0.83,0.83,0.83,0.83,18,26,26,11,13.3,22.72,18.38,7.99,18.47,21.85,17.67,18.16,62.39
0,0,0,0,0,0,0.83,0.83,0.83,0.83,1,0.83,0.83,0.83,0.83,0.83,0.83,0.83,0.83,1,1,0.83,0.83,0.83,0,1,1,1,1,1,1,0.83,26,0.71,0.56,1,0.5,0.83,0,1,1,1,0.83,1,0.83,1,0.5,0.83,0.67,0.83,0.17,,0.17,0.83,0.5,0.83,0.67,0.67,0.83,0.83,0.17,0.83,0.83,0.83,0.83,0.83,0.83,1,1,0.67,0.83,0.83,0.83,1,1,0.83,0.83,0.67,0.17,0.67,0.83,0.83,1,0.83,0.83,1,0.83,1,18,26,26,11,14.81,22.28,17.76,8.65,20.57,21.42,17.08,19.66,63.50
1,0,2,1,0,5,1,0.67,0.67,0.5,0.83,0.83,0.83,0.83,0.83,0.83,0.83,0.83,0.83,0.75,0.75,1,1,1,0,1,0.83,0.5,0.83,1,1,1,26,0.57,0.22,0.75,0.5,0.83,0,1,0.5,1,0.5,1,0.67,0.83,0.83,0.83,0.83,0.83,0,,0.33,0.83,0.83,0.83,0.67,1,0.67,0.83,1,0.5,0.83,0.83,0.83,0.83,0.83,1,1,0.5,0.5,0.67,1,1,1,0.5,0.5,0.83,0.67,0.67,0.33,0.33,0.33,0.5,0.83,0.83,0.83,0.83,18,26,26,11,12.15,20.97,16.85,8.98,16.88,20.16,16.20,20.41,58.95
1,0,2,2,0,5,1,0.67,0.67,0.5,0.83,0.83,0.83,0.83,0.83,0.83,0.83,0.83,0.83,0.75,0.75,1,1,1,0,1,0.83,0.5,0.83,1,1,1,26,0.57,0.22,0.75,0.5,0.83,0,1,0.5,1,0.5,1,0.67,0.83,0.83,0.83,0.83,0.83,0,,0.33,0.83,0.83,0.83,0.67,1,0.67,0.83,1,0.5,0.83,0.83,0.83,0.83,0.83,1,1,0.5,0.5,0.67,1,1,1,0.5,0.5,0.83,0.67,0.67,0.33,0.33,0.33,0.5,0.83,0.83,0.83,0.83,18,26,26,11,12.15,20.97,16.85,8.98,16.88,20.16,16.20,20.41,58.95
0,0,0,0,0,0,0.67,0.67,0.83,0.67,0.83,1,0.83,0.67,1,0,0.5,0.67,1,0.5,0.75,1,1,1,0,0.83,0.83,1,1,1,1,0.83,26,0.57,0.44,1,0.5,1,0,0.83,0.67,0.83,0.83,1,0.83,0.83,1,1,1,1,0.67,0,0.17,1,0.83,0.83,0.83,1,0.5,0.67,0.5,0.83,0.67,0.83,0.83,0.83,0.67,0.33,0.25,0,1,1,0.33,0.83,0.83,0.33,0.17,0.33,0.83,0.83,0.5,0.83,0.83,0.83,0.83,0.83,0.83,0.83,18,26,26,11,12.79,20.08,19.16,6.41,17.76,19.31,18.42,14.57,58.44
1,2,1,3,0,3,0.83,0.83,1,0.83,1,1,1,1,1,0.83,0.83,1,0.83,1,1,1,1,1,0,1,1,1,1,1,1,1,26,0.5,0.5,1,1,1,0,1,0.83,1,1,1,1,1,1,1,1,1,0.5,,1,1,1,1,0.5,1,0.5,1,1,0.5,1,1,1,1,1,1,1,0.67,0.5,0.5,0.67,0.83,0.5,0.5,0.83,0.67,0,1,0.83,1,1,1,1,1,1,1,18,26,26,11,13.83,23.98,21.33,10.17,19.21,23.06,20.51,23.11,69.31
1,0,1,1,0,4,0.83,0.83,0.67,0.83,0.67,1,1,1,1,0.67,0.83,0.67,0.67,0,1,0.83,0.83,0.83,0,1,0.83,1,0.83,0.67,0.83,0.67,26,0.14,0.22,0.5,1,0.83,0,0.83,0.67,0.67,0.83,0.83,0.83,0.83,0.83,1,0.67,1,0.33,0,0,1,0.83,0.67,0.67,0.83,0.83,0.83,0.83,0.5,0.83,0.83,0.67,0.83,0.83,0.83,0.25,0.5,0.67,0.5,0.83,0.83,0.33,0.83,0.67,0.5,0.67,0.67,0.33,0.5,0.5,0.83,0.83,0.83,0.83,0.67,18,26,26,11,11.82,19.99,16.84,7.73,16.42,19.22,16.19,17.57,56.38
1,11,2,1,1,5,0.5,0.5,0.67,0.33,0.33,0.83,0.83,0.83,0.5,0.33,0.67,0.83,0.83,1,1,0.83,0.83,0.83,0,0.5,1,0.5,0,0.17,1,0.67,26,0.29,0.44,1,1,0.83,0,1,1,1,1,1,1,1,1,1,1,1,0.17,,0,0.83,0.83,0.33,0.5,0.5,0.17,0.67,1,0.5,0.67,0.5,0.67,0.83,0.67,1,1,0.5,0.67,0.5,1,1,0.33,0.83,0.5,0.33,0.33,0.83,0.17,0.33,0.5,0.5,0.5,0.5,0.5,0.5,18,26,26,11,9.82,16.31,17.89,8.01,13.64,15.68,17.20,18.20,52.03
1,11,2,2,1,5,0.5,0.5,0.67,0.33,0.33,0.83,0.83,0.83,0.5,0.33,0.67,0.83,0.83,1,1,0.83,0.83,0.83,0,0.5,1,0.5,0,0.17,1,0.67,26,0.29,0.44,1,1,0.83,0,1,1,1,1,1,1,1,1,1,1,1,0.17,,0,0.83,0.83,0.33,0.5,0.5,0.17,0.67,1,0.5,0.67,0.5,0.67,0.83,0.67,1,1,0.5,0.67,0.5,1,1,0.33,0.83,0.5,0.33,0.33,0.83,0.17,0.33,0.5,0.5,0.5,0.5,0.5,0.5,18,26,26,11,9.82,16.31,17.89,8.01,13.64,15.68,17.20,18.20,52.03
1,14,1,3,0,7,0.83,0.83,1,0.83,0.83,1,0.67,1,1,0.5,1,1,1,1,1,0.83,0.83,0.67,0,1,1,1,1,1,1,1,26,0.57,0.22,1,0.5,0.83,0,1,0.5,1,0.83,1,0.83,1,1,1,0.83,1,1,,0.5,1,1,1,0.83,1,0.83,1,0.17,0.17,1,1,0.83,1,1,0.83,0.5,0.17,0.67,0.33,0.83,0.83,0.83,0.83,0.83,0.33,0.83,0.83,1,1,1,1,0.83,0.83,0.83,0.83,18,26,26,11,14.46,22.82,20.27,7.67,20.08,21.94,19.49,17.43,65.22
1,11,3,1,1,7,0.67,1,1,1,0.83,1,1,1,0.67,0.33,0.67,0.17,0.67,1,0.75,1,0.83,0.83,0,1,1,1,0.83,0.83,1,0.83,26,0.57,0.56,1,0.5,0.5,0,0.67,0.67,0.83,0.5,0.83,0.5,0.83,0.83,1,0.83,0.83,0.67,,0.5,1,0.83,0.83,0.83,1,0,1,1,1,1,1,1,1,1,1,1,1,0.5,0.5,0.67,0.5,0.67,0.67,0.33,0.33,0.5,0.67,0.67,1,1,0.67,0.83,1,1,1,18,26,26,11,12.51,20.91,17.11,11,17.38,20.11,16.45,25.00,61.53
1,11,3,2,1,7,0.67,1,1,1,0.83,1,1,1,0.67,0.33,0.67,0.17,0.67,1,0.75,1,0.83,0.83,0,1,1,1,0.83,0.83,1,0.83,26,0.57,0.56,1,0.5,0.5,0,0.67,0.67,0.83,0.5,0.83,0.5,0.83,0.83,1,0.83,0.83,0.67,,0.5,1,0.83,0.83,0.83,1,0,1,1,1,1,1,1,1,1,1,1,1,0.5,0.5,0.67,0.5,0.67,0.67,0.33,0.33,0.5,0.67,0.67,1,1,0.67,0.83,1,1,1,18,26,26,11,12.51,20.91,17.11,11,17.38,20.11,16.45,25.00,61.53
1,11,3,3,1,7,0.67,1,1,1,0.83,1,1,1,0.67,0.33,0.67,0.17,0.67,1,0.75,1,0.83,0.83,0,1,1,1,0.83,0.83,1,0.83,26,0.57,0.56,1,0.5,0.5,0,0.67,0.67,0.83,0.5,0.83,0.5,0.83,0.83,1,0.83,0.83,0.67,,0.5,1,0.83,0.83,0.83,1,0,1,1,1,1,1,1,1,1,1,1,1,0.5,0.5,0.67,0.5,0.67,0.67,0.33,0.33,0.5,0.67,0.67,1,1,0.67,0.83,1,1,1,18,26,26,11,12.51,20.91,17.11,11,17.38,20.11,16.45,25.00,61.53
1,10,2,1,0,4,1,0.67,0.83,0.67,0.83,0.83,0.83,0.83,0.67,0.67,0.83,0.83,0.83,0.5,0.75,0.83,0.83,0.83,0,1,0.83,1,0.5,0.83,1,1,26,0.71,0.33,1,0.5,0.83,0,0,0,0,0,0.5,0,0,0.83,0.83,1,0.83,0.5,,0.33,0.83,0.67,0.33,0.5,0.67,0,0.67,1,0.67,1,0.67,0.5,1,0.67,0.83,1,0,0.83,0.33,0.83,0.83,0.5,0.83,0.5,0.67,0.67,0.67,0.83,0.83,0.67,0.83,0.83,0.67,0.5,0.67,18,26,26,11,12.49,20.22,11.19,8.01,17.35,19.44,10.76,18.20,51.91
1,10,2,2,0,4,1,0.67,0.83,0.67,0.83,0.83,0.83,0.83,0.67,0.67,0.83,0.83,0.83,0.5,0.75,0.83,0.83,0.83,0,1,0.83,1,0.5,0.83,1,1,26,0.71,0.33,1,0.5,0.83,0,0,0,0,0,0.5,0,0,0.83,0.83,1,0.83,0.5,,0.33,0.83,0.67,0.33,0.5,0.67,0,0.67,1,0.67,1,0.67,0.5,1,0.67,0.83,1,0,0.83,0.33,0.83,0.83,0.5,0.83,0.5,0.67,0.67,0.67,0.83,0.83,0.67,0.83,0.83,0.67,0.5,0.67,18,26,26,11,12.49,20.22,11.19,8.01,17.35,19.44,10.76,18.20,51.91
1,6,1,2,1,7,0.83,0.83,0.67,0.67,0.5,0.67,0.67,0.5,0.67,0.67,0.67,0.67,0.83,0.5,0.5,0.83,1,0.83,0,1,0.83,0.67,1,0.83,1,0.83,26,0.57,0.22,1,0.5,1,0,0.83,0.83,0.83,0.67,0.83,0.83,0.83,0.83,0.83,0.67,0.83,0.17,,0.17,0.83,0.67,0.67,0.83,0.83,0.83,1,1,1,0.67,0.67,0.67,0.67,0.67,0.83,0.75,0.67,0.67,0.67,0.33,0.5,0.5,0.33,0.5,0.33,0.5,0.5,0.33,0.5,0.5,0.67,0.67,0.67,0.83,0.5,18,26,26,11,9.5,18.67,17.1,8.6,13.19,17.95,16.44,19.55,53.87
0,0,0,0,0,0,0.67,0.83,0.67,0.67,0.83,1,0.83,1,0.83,0.83,0.83,1,0.83,1,1,0.83,0.83,0.83,0,1,1,0.67,0.83,0.83,1,0.67,26,0.86,1,1,0.5,0.83,0,0.83,0.83,1,0.83,0.83,0.83,0.83,0.83,1,1,1,,0,0.17,0.83,0.67,0.83,0.67,0.83,0.83,0.83,1,0.67,0.83,0.83,0.33,0.83,0.83,0.67,1,0.5,0.5,0.83,0.83,0.33,0.67,0.67,0.67,0.67,0.67,0.67,0.83,1,1,1,0.83,0.83,0.83,0.83,18,26,26,11,13.66,21.31,18.83,8.32,18.97,20.49,18.11,18.91,62.12
1,0,1,2,0,7,0.67,0.67,0.67,0.5,0.83,0.67,0.83,0.67,0.67,0.5,0.67,0.83,0.67,0.25,0,1,0.83,0.83,0,1,1,1,1,0.83,1,1,26,0.71,0.56,1,0.5,0.67,0,1,0.67,1,0.83,0.83,0.83,0.83,0.83,0.83,0.83,0.83,0.17,0,0,0.67,0,0.83,0.83,0.83,0.33,0.67,0.83,0.33,0.83,0.67,0.83,0.67,0.83,0.67,0.75,0.5,0.83,0.17,0.83,0.83,0.5,0.33,0.5,0.33,0.33,0.5,0.5,0.67,0.67,0.83,0.83,0.83,0.83,0.83,18,26,26,11,11.14,18.59,16.41,7.58,15.47,17.88,15.78,17.23,53.72
0,0,0,0,0,0,1,0.83,0.67,0.5,1,0.83,0.67,1,1,0.17,0.67,1,0.83,0.75,1,1,1,1,0,1,1,1,1,0.5,1,1,26,0.5,0.44,0.5,0.5,0.83,0,1,0.83,1,0.83,0.83,0.83,0.67,1,1,0.83,0.83,0.17,,0.33,0.83,1,0.67,1,1,0.67,1,1,0.83,0.83,0.83,0.83,1,0.83,0.83,0.25,0,0.5,0.33,1,1,0.83,0.5,0.67,0.33,0.83,0.5,0.83,0.83,0.67,0.17,0.67,0.67,0.5,0.5,18,26,26,11,11.33,21.42,18.09,8.23,15.74,20.60,17.39,18.70,59.07
1,0,2,1,0,5,0.83,0.83,0.67,0.83,0.83,0.83,0.67,0.5,0.67,0.17,0.5,0.83,0.67,0.5,0.25,1,1,1,0,1,1,1,1,1,1,1,26,0.5,0.44,0.75,1,0.83,0,1,1,1,1,1,1,1,1,0.83,0.83,0.67,0.33,,0.67,1,0.67,0.67,0.67,0.83,0,1,1,0.83,0.83,1,1,1,1,0.83,0.75,0.5,0.5,0.5,0.5,0.5,0.5,0.5,0.5,0.5,0.5,0.5,0.67,0.5,0.5,0.67,0.67,0.67,0.67,0.67,18,26,26,11,10.02,19.58,18.69,9.74,13.92,18.83,17.97,22.14,58.03
1,0,2,2,0,5,0.83,0.83,0.67,0.83,0.83,0.83,0.67,0.5,0.67,0.17,0.5,0.83,0.67,0.5,0.25,1,1,1,0,1,1,1,1,1,1,1,26,0.5,0.44,0.75,1,0.83,0,1,1,1,1,1,1,1,1,0.83,0.83,0.67,0.33,,0.67,1,0.67,0.67,0.67,0.83,0,1,1,0.83,0.83,1,1,1,1,0.83,0.75,0.5,0.5,0.5,0.5,0.5,0.5,0.5,0.5,0.5,0.5,0.5,0.67,0.5,0.5,0.67,0.67,0.67,0.67,0.67,18,26,26,11,10.02,19.58,18.69,9.74,13.92,18.83,17.97,22.14,58.03
1,8,2,1,0,7,0.83,0.83,0.67,0.67,0.83,0.67,0.83,0.67,0.5,0.5,0.5,0.83,0.67,0.5,0.5,1,1,1,0,1,1,1,1,1,1,0.83,26,0.71,0.56,0.5,0.5,1,0,1,0.83,1,0.67,1,1,1,0.83,1,0.83,1,0.33,0,0.33,0.83,0.83,0.83,0.83,0.83,0.83,1,1,1,0.83,0.83,0.83,0.83,0.83,1,1,0.83,0.83,0.67,0.83,0.83,0.83,0.67,0.5,0.67,0.5,0.5,0.67,0.67,0.67,0.67,0.67,0.67,0.5,0.83,18,26,26,11,12.18,19.83,19.07,9.98,16.92,19.07,18.34,22.68,61.06
1,8,2,2,0,7,0.83,0.83,0.67,0.67,0.83,0.67,0.83,0.67,0.5,0.5,0.5,0.83,0.67,0.5,0.5,1,1,1,0,1,1,1,1,1,1,0.83,26,0.71,0.56,0.5,0.5,1,0,1,0.83,1,0.67,1,1,1,0.83,1,0.83,1,0.33,0,0.33,0.83,0.83,0.83,0.83,0.83,0.83,1,1,1,0.83,0.83,0.83,0.83,0.83,1,1,0.83,0.83,0.67,0.83,0.83,0.83,0.67,0.5,0.67,0.5,0.5,0.67,0.67,0.67,0.67,0.67,0.67,0.5,0.83,18,26,26,11,12.18,19.83,19.07,9.98,16.92,19.07,18.34,22.68,61.06
1,6,2,1,0,4,0.33,0.33,0.33,0.17,0.33,0.67,0.5,0.33,0.5,0.5,0.5,0.33,0.5,0,0.25,0.83,0.83,0.83,0,0,0.17,0,0,0.33,0,0.83,26,0.29,0.33,0.75,0.5,0.5,0,0.17,0.33,1,0.17,1,0,0.17,0.67,0.67,0.67,0.67,,,0,0.5,0.67,0.33,0.67,0.5,0,0.5,0.17,0.33,0.33,0.33,0.33,0.33,0.33,0.83,0.25,0,0.17,0.5,1,0.67,0.33,0.33,0.67,0.67,0.83,0.5,0.33,0.33,0.5,0.33,0.33,0.33,0.17,0.33,18,26,26,11,8.32,9.39,10.56,3.73,11.56,9.03,10.15,8.48,32.00
1,6,2,2,0,4,0.33,0.33,0.33,0.17,0.33,0.67,0.5,0.33,0.5,0.5,0.5,0.33,0.5,0,0.25,0.83,0.83,0.83,0,0,0.17,0,0,0.33,0,0.83,26,0.29,0.33,0.75,0.5,0.5,0,0.17,0.33,1,0.17,1,0,0.17,0.67,0.67,0.67,0.67,,,0,0.5,0.67,0.33,0.67,0.5,0,0.5,0.17,0.33,0.33,0.33,0.33,0.33,0.33,0.83,0.25,0,0.17,0.5,1,0.67,0.33,0.33,0.67,0.67,0.83,0.5,0.33,0.33,0.5,0.33,0.33,0.33,0.17,0.33,18,26,26,11,8.32,9.39,10.56,3.73,11.56,9.03,10.15,8.48,32.00
0,0,0,0,0,0,0.17,0.33,0.33,0.17,0.83,0.83,0.33,0.17,0.17,0.17,0.17,0.17,0.17,0.25,0.25,0.83,0.83,0.83,0,0,0,0,0,0,0,0.83,26,0,0.22,0.5,0.5,0.83,,0.83,0.17,0.67,0.17,0.67,0.17,0.17,0.17,0.33,0.17,0.17,,,0,0.17,0.17,0.17,0.17,0.33,0,0.83,0.83,0.83,0.83,0.33,0.67,0.83,0.83,0,0,0.17,0.17,0.67,0.83,0.83,0.83,0.17,0.17,0.17,0.17,0.17,0.33,0.17,0.17,0.67,0.83,0.83,0.33,0.67,18,26,26,11,8.18,7.83,6.75,6.15,11.36,7.53,6.49,13.98,28.91
0,0,0,0,0,0,0.5,0.17,0.83,0.17,0.67,0.67,0.67,0.67,0.5,0.67,0.67,0.5,0.5,0.5,0.5,0.83,0.83,0.83,0,0.5,0.33,0.67,0.33,0.33,0,1,26,0.29,0.33,0.25,1,0.17,,1,0.67,1,0.5,1,0.67,0.67,1,1,0.67,0.67,0.17,,0,0.5,0.5,0.5,0.5,0.5,0.5,1,1,0.83,0.5,0.5,0.33,0.5,0.67,0.83,0,0.17,0.5,0.67,0.5,0.33,0.5,0.33,0.5,0.5,0.67,0.5,0.33,0.33,0.33,0.33,0.67,0.67,0.5,0.33,18,26,26,11,8.49,13.84,14.06,6.33,11.79,13.31,13.52,14.39,42.72
0,0,0,0,0,0,0.17,0.33,0.17,0.17,0.83,0.17,0.17,0.17,0.17,0.17,0.17,0.17,0.17,0.75,0.25,0.17,0.17,0.17,0,0.17,0.17,0.33,0.33,0.17,0.17,0.17,26,0.14,0.11,0.75,0.5,0.33,,0.17,0.17,0.17,0.17,0.17,0.17,0.17,0.17,0.17,0.17,0.17,,,0,0.17,0.17,0.17,0.17,0.17,0.17,0.17,0.83,0.83,0.17,0.17,0.17,0.17,0.17,0.17,0.5,0.17,0.17,0.83,0.83,0.83,0.83,0.83,0.17,0.83,0.83,0.17,0.83,0.17,0.17,0.17,0.17,0.17,0.17,0.17,18,26,26,11,8.34,6.05,4.72,3.52,11.58,5.82,4.54,8.00,22.63
0,0,0,0,0,0,0,0.17,0.5,0,0.83,0.83,0,0.67,0.5,0,0,0.5,0.67,0,0,1,0.83,1,0,0,0.5,0.17,0.67,1,0.5,0.83,26,0.5,0.5,0.5,0.5,0.67,0,0.5,0,0.5,0,0.17,0,0,0.17,0.5,0,0.33,,,0,0.83,0.17,0.17,0.5,0.83,0,0,0.83,0,0.67,0.17,0,0.5,0.5,0.67,0,0,0.67,0.83,1,0.5,0.5,0.33,0,0,0,0,0,0,0,0,0.83,0.5,0.33,0,18,26,26,11,5.49,11.17,7.34,3.34,7.63,10.74,7.06,7.59,27.34
0,0,0,0,0,0,0.17,0.33,1,0.17,0.5,1,0.83,1,1,0.17,0.83,0,0.17,0,0,1,1,1,0,0,0.33,0.5,1,0.67,0.17,1,26,0,0.22,0,0.5,0,,1,0.33,1,0.17,1,0.33,0.5,1,1,0.33,0.67,,,0,0.83,0.83,0.17,0.33,0.83,0,1,0.33,0.83,1,1,1,1,1,1,1,0.83,0.5,0.5,0.33,0.33,0.17,0.67,0.5,0.67,0.5,0.5,0.33,0.83,0.67,1,1,1,1,1,18,26,26,11,11.5,13.84,11.04,9.99,15.97,13.31,10.62,22.70,46.37
0,0,0,0,0,0,0.83,0.67,0.67,0.5,0.83,0.83,0.83,0.83,0.83,0.67,0.83,0.67,0.83,0.5,0.25,1,1,0.83,0,0,0,0,0,0.17,0,1,26,0.71,0.22,1,0.5,0.67,0,1,0.83,1,0.67,0.83,1,0.83,1,0.83,0.83,0.83,0,,0,0.83,1,0.83,1,0.83,0.5,1,1,0.83,0.83,0.83,0.33,0.83,0.83,1,1,0.67,0.5,1,0.83,0.5,0.67,0.67,0.67,0.67,0.5,0.67,0.33,0.67,0.5,0.67,0.83,0.83,0.83,0.83,18,26,26,11,12.17,14.57,17.74,9.15,16.90,14.01,17.06,20.80,53.63
1,1,1,1,0,1,0.83,0.67,0.83,0.5,0.33,0.83,0.67,0.83,0.67,0.67,0.83,1,0.83,1,0.75,0.83,0.83,0.83,0,0.17,0.33,0.5,0.5,0.5,0.5,0.83,26,0.29,0.33,0.5,0.5,0.83,0,0.5,0.5,1,0.33,1,0.17,0.5,0.83,0.83,0.33,0.83,,,0,0.83,0.83,0.83,0.67,0.83,0.33,0.67,0.17,0.33,1,0.67,0.17,0.83,0.83,1,1,0.83,0.33,0.67,0.83,0.83,0.67,0.5,0.17,0.17,0.17,0.33,0,0.17,0.33,0.5,0.67,0.67,0.67,0.67,18,26,26,11,8.35,17.06,13.59,7.5,11.60,16.40,13.07,17.05,46.50
1,4,1,2,0,3,0.83,0.83,0.83,0.67,0.83,0.83,0.83,0.83,0.83,0.83,0.83,0.83,0.83,1,1,0.83,0.83,0.83,0,0.17,0.33,0.5,0.33,0.5,0.17,0.83,26,0.29,0.33,1,0.5,1,0,0.83,0.67,0.67,0.5,0.67,0.67,0.5,0.83,0.83,0.83,0.83,0,0,0,0.67,0.67,0.17,0.17,0.67,0,0.83,0.83,1,0.83,0.83,0.83,0.83,0.83,0.83,1,0.33,0.5,0.33,0.67,0.67,0.83,0.5,0.67,0.67,0.67,0.67,0.33,0.67,0.67,0.67,1,1,0.83,0.83,18,26,26,11,12.18,17.95,13.3,8.97,16.92,17.26,12.79,20.39,52.40
1,5,1,1,0,2,0.5,0.5,0.33,0.33,0.83,0.83,0.67,0.83,0.83,0.83,0.83,0.83,0.67,0.5,0.5,0.83,0.83,0.83,0,0.17,0,0.67,0.17,0.33,0,0.67,26,0.57,0.22,1,0.5,0.83,0,0.67,0.83,1,0.5,1,0.5,0.5,0.83,0.83,0.67,0.83,,,0,0.83,0.83,0.67,0.5,0.67,0.5,0.83,0.33,0.67,0.83,0.33,0.67,0.67,0.67,1,0,0,0.33,0.5,0.5,0.33,0.33,0.67,0.33,0.33,0.17,0.33,0.17,0.83,0.83,0.83,0.5,0.67,0.67,0.83,18,26,26,11,9.15,14.31,15.28,6,12.71,13.76,14.69,13.64,44.74
1,18,3,1,1,6,0.83,0.83,0.83,1,0.17,1,0.83,1,0.83,1,1,0.83,0.83,1,0.75,0.83,1,0.83,,1,1,1,0.83,0.83,0.83,0.83,26,0.29,0.33,0.5,0.5,0.83,0,0.83,1,1,0.83,0.83,0.83,1,1,0.83,0.83,1,0.67,0,0.33,1,0.83,1,0.83,0.83,0.83,0.83,0,0.17,0.83,1,0.83,0.83,1,0.83,0,0.83,1,0.17,0.17,0,0.17,0,0.83,0.17,0,1,0.17,1,1,0.83,1,1,0.83,0.83,18,26,26,11,10.17,21.71,18.75,7.15,14.13,20.88,18.03,16.25,57.78
1,18,3,2,1,6,0.83,0.83,0.83,1,0.17,1,0.83,1,0.83,1,1,0.83,0.83,1,0.75,0.83,1,0.83,,1,1,1,0.83,0.83,0.83,0.83,26,0.29,0.33,0.5,0.5,0.83,0,0.83,1,1,0.83,0.83,0.83,1,1,0.83,0.83,1,0.67,0,0.33,1,0.83,1,0.83,0.83,0.83,0.83,0,0.17,0.83,1,0.83,0.83,1,0.83,0,0.83,1,0.17,0.17,0,0.17,0,0.83,0.17,0,1,0.17,1,1,0.83,1,1,0.83,0.83,18,26,26,11,10.17,21.71,18.75,7.15,14.13,20.88,18.03,16.25,57.78
1,18,3,3,1,6,0.83,0.83,0.83,1,0.17,1,0.83,1,0.83,1,1,0.83,0.83,1,0.75,0.83,1,0.83,,1,1,1,0.83,0.83,0.83,0.83,26,0.29,0.33,0.5,0.5,0.83,0,0.83,1,1,0.83,0.83,0.83,1,1,0.83,0.83,1,0.67,0,0.33,1,0.83,1,0.83,0.83,0.83,0.83,0,0.17,0.83,1,0.83,0.83,1,0.83,0,0.83,1,0.17,0.17,0,0.17,0,0.83,0.17,0,1,0.17,1,1,0.83,1,1,0.83,0.83,18,26,26,11,10.17,21.71,18.75,7.15,14.13,20.88,18.03,16.25,57.78
0,0,0,0,0,0,1,0.83,1,0.83,1,0.83,0.83,0.83,0.83,0.83,0.83,0.83,0.83,1,0,1,1,1,0,0,0,0.17,0,0.5,0.17,1,26,0.29,0.22,0.25,0.5,0.83,,0.83,0.83,0.5,0.5,0.5,0,0.5,1,1,1,1,0.17,0,0.17,0.83,0.83,0.5,1,0.67,0.67,0.83,0.83,0.83,1,1,1,1,1,1,0.75,0.17,0.17,1,0.5,0.83,1,0.33,0.5,0.5,0.5,0.67,1,0.83,0.83,0.83,0.83,0.83,0.83,0.83,18,26,26,11,12.81,17.14,14.59,9.41,17.79,16.48,14.03,21.39,53.95
1,3,2,1,0,4,1,0.67,0.67,0.5,0.67,0.83,0.17,0.67,0.17,0.5,0.83,1,0.33,0.75,0.25,0.83,0.83,0.83,0,0,0,0,0,0,0,1,26,0.29,0.44,0.5,0.5,0.67,0,0.83,0.5,0.83,0.5,0.83,0.83,0.5,1,0.67,0,0,,0,0,0.83,0.67,0.83,0.83,0.83,0.5,0.83,0.5,0.33,0.83,0.83,0.83,0.83,0.83,1,0.75,0.5,0.17,0.83,0.83,0.17,0.83,0.5,0.17,0.17,0.17,0.17,0.83,0.83,0.83,0.83,0.67,0.67,0.17,0.5,18,26,26,11,9.34,12.5,13.38,8.06,12.97,12.02,12.87,18.32,43.28
1,3,2,2,0,4,1,0.67,0.67,0.5,0.67,0.83,0.17,0.67,0.17,0.5,0.83,1,0.33,0.75,0.25,0.83,0.83,0.83,0,0,0,0,0,0,0,1,26,0.29,0.44,0.5,0.5,0.67,0,0.83,0.5,0.83,0.5,0.83,0.83,0.5,1,0.67,0,0,,0,0,0.83,0.67,0.83,0.83,0.83,0.5,0.83,0.5,0.33,0.83,0.83,0.83,0.83,0.83,1,0.75,0.5,0.17,0.83,0.83,0.17,0.83,0.5,0.17,0.17,0.17,0.17,0.83,0.83,0.83,0.83,0.67,0.67,0.17,0.5,18,26,26,11,9.34,12.5,13.38,8.06,12.97,12.02,12.87,18.32,43.28
0,0,0,0,0,0,0.67,0.83,1,0.67,0.83,1,0.83,1,0.83,0.67,0.83,0.83,0.83,0.5,0.5,1,1,1,0,0.33,0.5,0.5,0.33,0.33,0.17,0.83,26,0.57,0.44,1,0.5,0.83,0,1,0.83,0.83,0.83,1,0.83,0.83,0.83,0.83,0.67,0.67,0,,0,0.67,0.67,0.83,0.83,0.83,0.5,0.83,1,0.83,1,0.83,0.83,0.83,0.83,0.83,1,0.5,0.33,0.33,0.67,0.5,0.17,0.33,0.67,0.5,0.67,0.67,0.17,0.17,0.33,0.5,0.83,0.83,0.83,0.83,18,26,26,11,9.33,17.81,16.82,9.31,12.96,17.13,16.17,21.16,53.27
0,0,0,0,0,0,0.67,0.83,0.5,0.83,0.5,0.17,0.83,0.33,0.5,0.33,0.67,0.83,0.17,0.75,0.25,0.5,0.33,0.67,0,0.5,0.17,0.83,0.17,0.5,0.83,0.33,26,0.57,0.56,0.75,1,0.5,,0.67,0.33,0.67,0.33,0.5,0.17,0.17,1,0.33,0.5,0.5,0.33,0,0.5,0.17,0.33,0.67,0.17,0.5,0.67,0.5,0.5,0.33,0.17,1,0.67,0.17,0.5,0.5,0.5,0.67,0.83,0.33,0.67,0.83,0.83,0.5,0.5,0.83,0.33,0.33,0.17,0.17,0.5,0.17,0.67,0.33,0.5,0.17,18,26,26,11,8.66,12.99,11.89,5.51,12.03,12.49,11.43,12.52,39.05
0,0,0,0,0,0,0.5,0.5,0.17,0.67,0.5,0.17,1,0.5,0,1,0.17,1,0.67,0,0,0.33,0.83,0.5,0,0,0.83,1,0.83,0.33,0.17,0.67,26,0,0.11,0.5,0.5,1,,0.17,0.17,0.83,1,1,1,0.17,0.83,0.17,1,0.33,,,0,0.83,0.67,0.17,0.33,0.67,0.67,1,0.5,1,0,0.67,0.17,0.17,0.33,1,0.25,0.83,0.83,0,0.33,1,0.83,1,0.5,0.83,0.83,1,0.17,0.67,0.5,0.83,0.83,0.33,0.67,0.83,18,26,26,11,11.98,12.34,12.12,5.92,16.64,11.87,11.65,13.45,42.36
1,5,2,1,0,2,0.83,0.83,0.67,0.17,1,0.83,1,0.83,0.83,0.67,0.67,0.83,0.67,0.75,0.25,0.83,0.83,0.83,0,0,0,0,0,0,0,0.67,26,0,0.22,0.5,0.5,0.33,,0.67,0.33,0.67,0.17,0.17,0.17,0.17,0.83,0.67,0.83,0.67,,,0,0.67,0.83,0.33,0.67,0.5,0.67,0.83,1,0.83,0.83,0.83,0.83,0.83,0.83,0.83,0.75,0.33,0.83,1,0.83,1,1,0.83,0,1,1,0,0.83,0.83,0.83,0.83,0.83,1,0.83,0.83,18,26,26,11,14.3,13.99,10.57,8.72,19.86,13.45,10.16,19.82,47.58
1,5,2,2,0,2,0.83,0.83,0.67,0.17,1,0.83,1,0.83,0.83,0.67,0.67,0.83,0.67,0.75,0.25,0.83,0.83,0.83,0,0,0,0,0,0,0,0.67,26,0,0.22,0.5,0.5,0.33,,0.67,0.33,0.67,0.17,0.17,0.17,0.17,0.83,0.67,0.83,0.67,,,0,0.67,0.83,0.33,0.67,0.5,0.67,0.83,1,0.83,0.83,0.83,0.83,0.83,0.83,0.83,0.75,0.33,0.83,1,0.83,1,1,0.83,0,1,1,0,0.83,0.83,0.83,0.83,0.83,1,0.83,0.83,18,26,26,11,14.3,13.99,10.57,8.72,19.86,13.45,10.16,19.82,47.58
1,5,2,1,0,2,0.33,0.67,0,0.67,0.83,0.67,0.33,0.33,0.33,0,0.67,0,0.83,0.25,0,1,1,0.83,0,0,0.17,0.17,0.17,0,0,0.33,26,0,0,0.25,0.5,0.83,,0.17,0.67,0.67,0,1,0.17,0.17,0.83,1,1,1,0.17,,0,0.67,0.67,0,0.67,0.67,0,0.17,0.17,0.33,1,0.67,1,0.83,0.83,0.83,0.25,0,0,0.83,0.83,0.83,1,0.33,0.17,0.83,0.33,0.33,0.33,0.67,0.67,0.67,0,0,0.17,0,18,26,26,11,7.99,9.58,11.11,6.08,11.10,9.21,10.68,13.82,34.76
1,5,2,2,0,2,0.33,0.67,0,0.67,0.83,0.67,0.33,0.33,0.33,0,0.67,0,0.83,0.25,0,1,1,0.83,0,0,0.17,0.17,0.17,0,0,0.33,26,0,0,0.25,0.5,0.83,,0.17,0.67,0.67,0,1,0.17,0.17,0.83,1,1,1,0.17,,0,0.67,0.67,0,0.67,0.67,0,0.17,0.17,0.33,1,0.67,1,0.83,0.83,0.83,0.25,0,0,0.83,0.83,0.83,1,0.33,0.17,0.83,0.33,0.33,0.33,0.67,0.67,0.67,0,0,0.17,0,18,26,26,11,7.99,9.58,11.11,6.08,11.10,9.21,10.68,13.82,34.76
0,0,0,0,0,0,0.83,0.67,0.83,0.67,0.83,1,0.83,1,1,0.83,1,1,1,0.5,0.5,1,1,1,0,0,0.17,0,0,0.17,0,1,26,0.57,0.56,0.5,1,0.83,0,0.83,0.17,1,0.17,1,0.33,0.17,1,1,0.83,1,0,0,0,0.83,0.83,1,1,1,0.83,0.83,1,0.33,1,1,0.83,1,1,0.83,1,0.67,0.33,1,0.67,0.83,0.83,0.83,0.83,0.83,0.83,0.67,0.83,1,0.83,1,1,1,0.83,1,18,26,26,11,15.14,16.83,16.45,9.49,21.03,16.18,15.82,21.57,57.91
0,0,0,0,0,0,1,1,0.67,0.83,0.67,0.17,0.17,0.17,0.83,0.33,0.83,1,0.17,0.75,0.25,0.83,1,1,0,0,0,0,0,0,0,1,26,0.29,0.33,0.5,1,1,0,0.83,0.67,1,0.5,0.83,0.67,0.83,1,1,0.67,0.83,0,,0,0.5,0.33,1,0.67,0.83,0,1,0.83,0.67,0.67,1,0.17,1,0.83,1,1,0.83,1,0.17,0.33,0.83,1,0.67,0.83,0.17,0.67,1,0.67,0.17,0.17,1,0.83,1,0.17,0.83,18,26,26,11,11.51,12.67,15.28,9,15.99,12.18,14.69,20.45,48.46
1,12,2,1,0,6,0.83,0.67,0.17,0.33,0.67,0.83,0.17,0.5,0.67,0.67,0.33,0.83,0.33,0.25,0.5,0.33,0.67,0.67,0,0.5,0.33,0.33,0.17,0.67,0.5,0.33,26,0.57,0.22,0.5,1,0.67,,0.5,0.17,0.33,0.33,0.67,0.5,0.67,0.17,0,0.33,0.33,0,0,0.5,0.33,0.33,0.33,0.17,0.5,0.83,0.67,0.33,0.17,0.83,0.67,0.83,0.67,0.33,0.83,0.25,0.83,0.67,0.83,0.33,0.67,0.5,0.67,0.5,0.83,0.33,0.33,0.33,0.5,0.33,0.5,0.33,0.33,1,0.83,18,26,26,11,9.81,12.25,9.95,6.41,13.63,11.78,9.57,14.57,38.42
1,12,2,3,0,6,0.83,0.67,0.17,0.33,0.67,0.83,0.17,0.5,0.67,0.67,0.33,0.83,0.33,0.25,0.5,0.33,0.67,0.67,0,0.5,0.33,0.33,0.17,0.67,0.5,0.33,26,0.57,0.22,0.5,1,0.67,,0.5,0.17,0.33,0.33,0.67,0.5,0.67,0.17,0,0.33,0.33,0,0,0.5,0.33,0.33,0.33,0.17,0.5,0.83,0.67,0.33,0.17,0.83,0.67,0.83,0.67,0.33,0.83,0.25,0.83,0.67,0.83,0.33,0.67,0.5,0.67,0.5,0.83,0.33,0.33,0.33,0.5,0.33,0.5,0.33,0.33,1,0.83,18,26,26,11,9.81,12.25,9.95,6.41,13.63,11.78,9.57,14.57,38.42
1,5,1,1,1,7,1,1,0.67,0.83,0.17,0.83,0.67,0.83,1,1,0.83,0.83,0.83,0.5,0.5,0.83,0.83,1,,1,0.83,1,0.67,0.83,0.83,0.83,26,0,0.11,0.5,1,1,0,0.83,1,0.83,0.83,0.83,0.83,1,0.83,0.83,0.67,1,,,0.83,0.83,0.83,0.83,0.83,1,0.83,0.83,0,0.17,0.83,1,0.83,1,0.67,1,0.25,1,1,0.17,0,0,0.17,0.17,1,0.17,0.17,1,0,0.83,0.83,1,1,1,0.83,0.83,18,26,26,11,10.17,20.14,18.07,7.58,14.13,19.37,17.38,17.23,55.96
0,0,0,0,0,0,0.67,0.5,0.17,0.17,0.33,0.67,0.67,0.67,0.67,0.67,0.67,0.67,0.67,0.5,0.25,0.67,0.67,0.67,0,0.17,0.17,0.17,0.17,0.17,0.17,0.33,26,0.29,0.22,0.5,0.5,0.33,0,0,0,0,0,0.17,0.17,0.17,0.67,0.67,0.67,0.67,0,0,0.17,0.83,0.17,0.67,0.67,0.67,0.67,0.5,0.83,0.83,0.17,0.17,0.17,0.17,0.17,0.5,1,0.67,0.17,0.33,0.83,0.33,0.83,0.17,0.17,0.33,0.33,0.67,0.33,0.17,0.17,0.33,0.17,0.17,0.17,0.17,18,26,26,11,5.84,11.31,8.88,5.18,8.11,10.88,8.54,11.77,31.21
0,0,0,0,0,0,0.83,0.5,0.33,0.33,0.83,0.83,0.33,0.83,0.33,0,0.83,0.83,0.83,0,0,0.17,0.83,0.83,0,0,0.17,0,0.17,0.33,0,0.67,26,0.57,0,1,0.5,0.5,0,1,0.17,0.83,0.5,0.83,0.17,0.5,1,0.83,0.67,0.67,,,0,0.5,0.33,0.17,0.17,1,0,0.83,1,0.83,0.67,0.83,0.5,0.83,0.67,1,1,0.5,0.33,0.83,0.83,0.83,0.33,0.83,0.17,0.17,0.17,0.17,0.17,0.17,0.17,0.17,0.67,0.67,0.5,0.67,18,26,26,11,7.85,10.8,11.91,8.66,10.90,10.38,11.45,19.68,39.22
0,0,0,0,0,0,0.83,0.67,0.83,0.5,0.83,1,0.67,0.83,0.67,0.83,0.83,1,0.67,0.5,0.75,0.67,1,1,0,0,0.17,0.67,0.83,0.17,0,0.67,26,0.29,0.22,0.5,0.5,1,,1,0.83,0.83,1,0.83,1,1,0.67,1,1,1,0,,0.67,0.67,0.83,0.17,0.83,0.67,0.67,0.83,0.5,0.5,1,0.83,0.83,0.67,1,0.67,0.75,0.5,0.83,0.83,0.67,0.83,1,1,0.83,0.17,0.83,1,0.83,0.83,1,1,0.83,0.83,0.83,0.67,18,26,26,11,14.81,16.59,17.18,8.08,20.57,15.95,16.52,18.36,56.66
1,3,1,1,0,1,0.5,0.67,0.5,0.5,1,1,0,0.5,0,0,0.5,0.17,0,0.25,0.25,0.83,0.5,0.5,0,0.33,0.5,0.33,0.5,0.5,0.17,1,26,0.29,0.22,0.5,0.5,0.5,,0,0.5,0.17,0,0,0,0.5,0.5,0.5,0,0.5,0,,0,0,0,0,0.5,0.5,0,0.67,1,1,0.83,0.5,0.5,0.5,0.83,1,0.25,0.17,0,0.5,0.5,0.5,0.5,0,0.17,0.5,0.5,0.17,0.17,0.5,0.5,0.67,1,1,0.5,1,18,26,26,11,8.68,11,5.68,7.25,12.06,10.58,5.46,16.48,32.61
1,5,2,1,0,1,0.33,0.17,0.83,0.33,0,0.83,0.67,0.83,0.67,0.67,0.33,0.83,0.83,0.5,0.5,1,0.83,0.83,0,0,0.17,0.5,0.33,0.67,0,0.67,26,0.57,0.33,1,0.5,0.83,0,0.67,0.33,1,0.17,1,0.17,0.17,0.83,0.83,1,0.67,0,,0,0.67,0.83,0.67,0.33,0.83,0.33,0.17,1,0.17,0.67,0.5,0.17,0.5,0.67,0.5,0,0.17,0.33,0.33,0.33,0.83,0.33,0.67,0.17,0.17,0.17,0.33,0.17,0.33,0.67,0.83,0.67,0.67,0.67,0.67,18,26,26,11,8.34,13.32,13.73,4.52,11.58,12.81,13.20,10.27,39.91
1,5,2,2,0,1,0.33,0.17,0.83,0.33,0,0.83,0.67,0.83,0.67,0.67,0.33,0.83,0.83,0.5,0.5,1,0.83,0.83,0,0,0.17,0.5,0.33,0.67,0,0.67,26,0.57,0.33,1,0.5,0.83,0,0.67,0.33,1,0.17,1,0.17,0.17,0.83,0.83,1,0.67,0,,0,0.67,0.83,0.67,0.33,0.83,0.33,0.17,1,0.17,0.67,0.5,0.17,0.5,0.67,0.5,0,0.17,0.33,0.33,0.33,0.83,0.33,0.67,0.17,0.17,0.17,0.33,0.17,0.33,0.67,0.83,0.67,0.67,0.67,0.67,18,26,26,11,8.34,13.32,13.73,4.52,11.58,12.81,13.20,10.27,39.91
0,0,0,0,0,0,1,0.83,0.83,0.67,1,1,1,0.83,1,0.83,0.83,0.83,0.83,0.5,0.5,1,1,1,0,0,0,0,0,0,0,1,26,0.29,0.11,0.5,1,0.83,0,1,1,1,0.5,0.67,1,1,1,1,0.83,1,0,,0,1,0.67,0.67,0.67,1,0.17,1,1,1,1,1,1,1,1,1,0.75,0.83,0.83,0.17,1,0.67,0.83,0.67,0.83,0.83,0.83,0.83,1,0.83,0.83,0.83,0.83,0.83,0.83,0.83,18,26,26,11,14.3,16.48,16.91,10.58,19.86,15.85,16.26,24.05,58.27
0,0,0,0,0,0,0.67,0.83,0.5,0.67,0.67,0.67,0.67,0.67,0.67,0.5,0.67,0.5,0.5,0,0,0.67,0.67,0.67,0,0,1,1,0,1,0,0.67,26,0.57,0.33,0.75,1,0.67,0,0.67,0.5,1,0.5,1,0.67,0.5,0.67,0.67,0.33,0.5,,0,0,0.67,0.67,0.67,0.33,0.67,0.5,0.67,0.67,0.5,0.67,0.67,0.67,0.67,0.67,0.67,0.5,0.17,0.67,0.67,0.67,0.5,0.67,0.5,0.33,0.33,0.33,0.33,0.67,0.67,0.67,0.67,0.5,0.67,0.67,0.67,18,26,26,11,10.19,13.87,13.84,6.53,14.15,13.34,13.31,14.84,44.43
1,38,1,1,1,6,1,1,1,0.83,0.33,0.83,0.83,1,1,0.5,0.67,0.67,0.5,0.25,0.75,0.83,0.67,1,,0.67,0.83,0.83,1,0.5,1,0.83,26,0.71,0.33,0.75,1,1,0,0.83,1,0.5,0.67,1,0.67,1,0.67,0.83,1,0.67,,0,0.83,0.83,0.67,0.67,1,0.83,1,0.67,0.17,0,0.83,0.67,1,1,0.67,0.83,0.5,1,0.67,0.17,0.5,0,0.17,0.33,0.67,0.33,0,1,0.17,0.67,0.83,0.5,0.83,1,0.67,0.83,18,26,26,11,9.34,19.32,18.46,7.34,12.97,18.58,17.75,16.68,54.46
0,0,0,0,0,0,0.67,0.5,0.83,0.5,0.33,0.67,0.5,0.33,0.33,0.5,1,0.5,0.17,0.5,0.5,0.67,0.5,0.67,0,0.67,0.67,0.67,0.33,0.67,0.33,0,26,0.29,0.33,0,0.5,0.5,,0.83,0.67,0.33,0.5,0.5,0.5,0.17,0.33,0.5,0.17,0.67,,,0.5,0.5,0.67,0.5,0.5,0.33,0.67,0.5,0.17,0.67,0.33,0.67,0.67,0.5,0.67,0.5,0.75,0.33,0.5,0.83,0.33,0.67,0.67,0.5,0,0.5,0.17,0.33,0.67,0.67,0.83,0.5,0.67,0.5,0.83,0.33,18,26,26,11,9.5,13.01,10.46,5.76,13.19,12.51,10.06,13.09,38.73
0,0,0,0,0,0,1,1,1,1,1,1,1,1,1,1,1,1,1,1,1,1,1,1,0,0,0,0,0,0,0,1,26,0.86,0.44,1,1,1,0,1,1,1,1,1,1,1,1,1,1,1,0,0,0,1,1,1,1,1,1,1,1,1,1,1,1,1,1,1,1,1,1,1,1,1,1,1,1,1,1,1,1,1,1,1,1,1,1,1,18,26,26,11,18,19,21.3,11,25.00,18.27,20.48,25.00,69.30
0,0,0,0,0,0,0.67,0.67,0.83,0.83,0.83,0.83,0.83,0.83,0.83,0.67,0.67,0.83,0.83,0.5,0.5,0.83,0.83,0.83,0,0,0.17,0.17,0.17,0.17,0.17,0.83,26,0.57,0.22,0.5,0.5,0.5,0,0.17,0.17,0.17,0.17,0.17,0.17,0.17,0.83,0.83,0.83,0.83,0,0,0,0.83,0.83,0.83,0.83,0.83,0.5,0.67,1,0.33,0.83,0.83,0.83,0.83,0.83,0.83,0.75,0.67,0.17,0.83,0.17,0.67,0.5,0.67,0.67,0.5,0.83,0.83,0.17,0.17,0.17,0.67,0.83,0.83,0.83,0.83,18,26,26,11,10.34,15.32,11.45,8.4,14.36,14.73,11.01,19.09,45.51
0,0,0,0,0,0,0.83,0.5,0.67,0.33,0.83,1,0.83,1,0.83,0.67,0.83,0.83,0.83,1,0.75,1,1,1,0,0.17,0,0,0.17,0.17,0,1,26,0.57,0.11,0.75,0.5,0.33,0,0.67,0.33,1,0.33,1,0.5,0.67,1,1,0.83,1,0.17,,0.17,0.83,0.83,0.83,0.83,0.83,0.5,0.83,1,0.67,0.67,0.5,0.5,0.83,0.67,1,1,0.33,0.67,0.5,0.83,0.67,0.33,0.17,0.5,0.67,0.67,0.67,0.33,0.5,0.67,0.83,0.83,0.67,0.67,0.83,18,26,26,11,11.01,16.24,15.58,8,15.29,15.62,14.98,18.18,50.83
0,0,0,0,0,0,0.5,0.5,0.67,0.17,0.83,0.83,0.83,0.67,0.67,0.17,0.17,0.17,0.67,0,0.25,0.83,0.83,1,0,0,0,0.17,0.17,0.5,0,0.83,26,0.57,0.22,0.75,0,0.83,0,1,0.5,0.83,0.33,1,0.83,0.5,0.83,0.67,0.67,0.5,,,0,0.5,0.67,0.83,0.83,0.83,0.67,1,1,1,0.83,0.5,0.67,0.83,0.83,0.5,1,0.5,0.83,0.5,0.83,0.67,0.83,0.67,0.17,0.17,0.33,0.17,0.5,0.67,0.5,0.67,0.83,0.83,0.83,0.83,18,26,26,11,10.83,11.43,14.36,8.66,15.04,10.99,13.81,19.68,45.28
0,0,0,0,0,0,0,0,0,0,0,0,0,0.17,0,0.17,0.17,0,0,0,0,0.67,0.67,1,,0.83,0.67,1,1,0.33,0.67,0.67,26,0,0,0.25,0.5,0,,0.33,0,0.17,0.17,0.17,0,0.17,0,0,0,0,,,0,0.17,0,0,0.33,0.17,0,0.33,0,0,0.67,0,0,0,0,0.17,0.75,0,1,0.17,0.17,0.17,0.17,0,0,0,0,0,0,0,0,0.17,0,0,0,0,18,26,26,11,1.85,8.02,2.43,1.92,2.57,7.71,2.34,4.36,14.22
1,2,1,2,0,2,0.83,0.83,0.5,0.67,0.67,0.83,0.83,1,0.83,1,0.83,0.83,0.83,0.25,0.25,1,1,1,,0,0,0.17,0.33,0.5,0.17,0.67,26,0.5,0,0,0.5,0.5,,0.5,0.5,1,0.33,0.67,0.5,0.5,0.67,0.83,0.83,0.83,0.17,,0,1,0.67,0.5,0.67,0.83,0.5,0.83,0.33,0.17,1,0.83,0.83,0.83,0.83,0.5,0.5,0.5,0.67,0.67,0.17,0.33,0.67,0.17,0.83,0.5,0.5,0.83,0,0.67,0.83,0.83,0.5,0.5,0.83,0.67,18,26,26,11,10.17,15.82,13,7.15,14.13,15.21,12.50,16.25,46.14
0,0,0,0,0,0,0.67,0.67,0.67,0.67,0.17,0.83,0.67,0.67,0.67,0.67,0.67,0.67,0.67,0.75,0.25,0.67,0.83,0.83,0,0.17,0.17,0,0.33,0.17,0.17,0.67,26,0.29,0.33,1,0.5,0.83,0,0.5,0.33,0.5,0.5,0.5,0.5,0.5,0.5,0.5,0.5,0.5,0,,0,0.5,0.5,0.5,0.5,0.5,0.5,0.83,0.83,0.83,0.83,0.67,0.67,0.67,0.67,1,1,0.5,0.17,0.83,0.83,0.83,0.83,0.67,0.5,0.5,0.5,0.5,0.5,0.5,0.5,0.5,0.83,0.67,0.67,0.67,18,26,26,11,11,13.38,11.28,8.5,15.28,12.87,10.85,19.32,44.16
0,0,0,0,0,0,1,0,0.33,0,0.17,1,0.67,0.67,1,0.33,0.33,0.17,0.33,1,0.75,1,1,1,0,0,0.17,0,0,0,0,1,26,0.14,0.11,0.25,0.5,0,0,0.67,0.5,1,0.17,1,0.17,0.33,0.83,0.83,0.33,0.83,0.17,,0,0.83,1,0.67,0.67,0.67,0.5,0,0,0,0.67,0,0,0,0.33,1,1,0.33,0.17,0.83,0.33,0.67,0.83,0.33,0,0,1,0,0,0.33,0.17,0.67,0.17,0.17,0.17,0.17,18,26,26,11,6.01,11.92,12.17,3.33,8.35,11.46,11.70,7.57,33.43
0,0,0,0,0,0,0.83,0.67,0.83,0.67,1,1,0.83,0.67,0.83,0.5,1,0.83,0.83,1,1,1,1,1,0,0,0.67,0.33,0.5,0.67,0,0.83,26,0.29,0.22,0.5,0.5,0.33,0,0.33,0.33,0.67,0.33,0.67,0.33,0.33,0.83,0.83,0.83,0.83,,,0,0.17,0.17,0.17,0.17,0.17,0.17,0.67,0.17,0.33,0.83,0.83,0.67,0.83,0.83,0.83,1,0.5,0.17,0.17,0.67,0.83,0.67,0.33,0.83,0.83,0.83,0.83,0.83,0.83,0.67,0.83,1,1,1,1,18,26,26,11,13.32,18.49,9.17,7.49,18.50,17.78,8.82,17.02,48.47
0,0,0,0,0,0,1,1,1,0.67,0.83,1,1,1,1,0.67,1,0.67,0.67,0.25,0.25,1,1,1,0,0,0,0,0,0,0,1,26,0,0.22,0.75,0.5,1,0,1,1,1,0,0.17,0,0,0.83,0.67,0,0.17,,0,0,0.17,0.67,0,0.67,0,0,1,0.83,0.83,1,0.83,1,1,0.83,1,1,0.83,0.83,0.17,0.17,0.17,0.83,0.83,1,1,1,1,0.83,1,1,1,1,1,1,1,18,26,26,11,14.83,16.01,8.82,10.15,20.60,15.39,8.48,23.07,49.81
0,0,0,0,0,0,0.67,0.83,0.83,0.67,0.83,0.67,0.83,0.67,0.67,0.5,0.83,0.5,0.5,0.25,0,1,1,1,0,0,0,0,0.17,0.33,0,0.83,26,0.29,0.67,0.5,1,0.5,0,1,1,1,1,1,1,0.83,0.5,0.5,0.5,0.5,0,0,0,0.67,0.5,0.67,0.67,0.67,0.67,1,1,1,0.83,1,0.83,0.83,0.83,1,1,0.67,0.33,0.83,0.83,0.83,0.67,0.67,0.5,0.5,0.5,0.5,0.33,0.5,0.5,0.5,0.83,1,1,1,18,26,26,11,11.82,13.58,15.64,9.99,16.42,13.06,15.04,22.70,51.03
0,0,0,0,0,0,0.67,0.67,0.83,0.33,0.83,0.83,0.67,0.67,0.67,0.5,0.67,0.83,0.67,0.25,0.25,0.83,0.83,1,0,0,0.33,0.17,0.17,0.33,0,0.83,26,0.29,0.11,0.75,1,0.83,0,0.67,0.67,0.83,0.33,0.83,0.67,0.5,0.83,0.67,0.67,0.67,,,0,0.83,0.67,0.67,0.5,0.67,0.5,0.83,1,1,0.83,0.83,0.67,0.83,0.83,0.83,0.75,0.33,0.67,0.33,0.83,0.67,0.33,0.67,0.67,0.67,0.67,0.67,0.33,0.67,0.67,0.83,1,0.83,0.83,0.83,18,26,26,11,12.17,13.83,14.16,8.73,16.90,13.30,13.62,19.84,48.89
0,0,0,0,0,0,0.33,0.17,0.17,0,0,0.83,0.83,0.83,0.33,0.83,0.67,0.67,0.67,0.25,1,0.17,0.83,0.67,0,0.33,0.83,1,0.67,0.83,0.17,0.33,26,0.14,0.11,0.5,0.5,0,0,0.83,1,1,0.67,1,0.33,0.67,1,1,0.5,1,,,0,0.83,1,0.67,0.67,1,1,0.5,0.33,0.5,0.83,0.33,0.67,0.83,0.67,0.83,0,0,0,0.67,0.17,1,0.33,0.33,0.67,0.5,0,0.67,0,0.17,0.5,0.83,0.17,0.17,0.17,0.17,18,26,26,11,6.52,13.41,15.42,5.49,9.06,12.89,14.83,12.48,40.84
0,0,0,0,0,0,0.83,0.67,0.33,0.67,1,0.5,0.5,0.5,0.17,0.5,0.5,0.67,0.83,0,0.25,0.83,0.83,0.67,0,0,0,0,0.33,0.17,0,0.83,26,0.29,0.22,0.5,0.5,0.33,0,0.67,0.67,1,0.17,1,0.17,0.17,0.83,0.67,0.67,1,,,0,0.33,0.67,0.67,0.67,0.83,0,0.83,0.83,0.83,0.83,0.83,0.83,0.67,0.67,0.83,0.25,0.33,0.83,0.83,0.67,0.33,1,0.33,0.67,1,1,0.67,0.33,0.83,0.83,0.83,0.67,0.67,0.67,0.67,18,26,26,11,12.83,11.58,12.03,7.73,17.82,11.13,11.57,17.57,44.17
0,0,0,0,0,0,0.67,0.17,0.17,0,0.17,0.67,0,0.67,0.17,0.17,0.17,0.33,0.17,0,0.25,0.83,1,0.83,0,0,0.5,0.33,0.5,0.67,0,0.5,26,0.14,0.22,0.5,0.5,0.33,,0.33,0.33,0.67,0,0.5,0.17,0.17,0.83,0.67,0,0.17,0,,0,0.67,0.17,0.67,0.83,0.83,0.67,0,0,0,0.17,0,0.17,0.17,0.17,0.83,0.25,0.83,0.83,0.5,0.5,0.83,0.83,0.83,0.33,0.5,0.5,0.5,0,0,0,0,0.5,0.33,0.67,0.33,18,26,26,11,7.98,8.94,9.37,2.59,11.08,8.60,9.01,5.89,28.88
0,0,0,0,0,0,0.83,0.67,0.67,0.67,0.83,0.83,0.5,0.83,0.33,0.17,0.33,0.33,0.67,0.75,1,0.83,0.83,0.83,0,0.17,0.17,0.17,0.17,0.33,0.17,0.83,26,0.29,0.22,0.25,0.5,1,0,0.17,0.17,0.83,0,0.83,0.17,0.17,0.83,0.83,0.33,0.67,,,0,0.5,0.83,0.33,0.67,0.67,0.5,0.67,0.17,0.83,0.83,0.83,0.67,0.67,0.67,0.67,0.75,0.33,0.83,0.83,0.83,0.67,0.83,0.5,0.33,0.67,0.67,0.33,0.33,0.67,0.67,0.67,0.83,0.67,0.33,0.67,18,26,26,11,11.33,13.91,10.76,7.09,15.74,13.38,10.35,16.11,43.09
0,0,0,0,0,0,0.67,0.67,0.67,0.33,0.5,0.67,0.67,0.83,0.67,0.5,0.67,0.67,0.67,0.25,0.5,0.83,0.83,0.83,0,0.33,0.33,0.17,0.33,0.67,0.33,0.83,26,0.57,0.22,0.75,1,0.33,0,0.67,0.5,0.83,0.33,0.83,0.5,0.67,0.83,0.83,0.67,0.83,0.33,0,0.17,0.83,0.67,0.83,0.83,0.67,0.67,0.67,0.83,0.83,0.83,0.67,0.83,0.67,0.83,0.83,1,0.67,0.67,0.83,0.67,0.33,0.67,0.67,0.67,0.67,0.83,0.67,0.5,0.67,0.67,0.67,0.67,0.83,0.83,0.67,18,26,26,11,12.19,14.42,15.36,8.66,16.93,13.87,14.77,19.68,50.63